epoch,time,train/box_loss,train/cls_loss,train/dfl_loss,metrics/precision(B),metrics/recall(B),metrics/mAP50(B),metrics/mAP50-95(B),val/box_loss,val/cls_loss,val/dfl_loss,lr/pg0,lr/pg1,lr/pg2
1,2.48275,5.682,43.9817,3.69409,0,0,0,0,5.27459,24.2776,4.1601,0.00024,0.00024,0.00024
2,5.96388,5.98197,103.678,4.01225,0,0,0,0,5.27811,24.9841,4.15824,0.000499381,0.000499381,0.000499381
3,11.1631,5.01585,115.113,3.42502,0,0,0,0,5.27412,25.3663,4.15327,0.000758119,0.000758119,0.000758119
4,16.3775,5.76263,58.9747,3.89034,0,0,0,0,5.25138,25.5745,4.12864,0.00101621,0.00101621,0.00101621
5,21.4181,5.63292,72.3143,3.42746,0,0,0,0,5.23814,15.8729,4.09694,0.00127366,0.00127366,0.00127366
6,26.5673,5.63291,39.1635,3.44133,0,0,0,0,5.31394,18.1698,4.06774,0.00153047,0.00153047,0.00153047
7,31.5606,6.08286,29.8391,3.94703,0,0,0,0,5.31151,13.7837,3.98505,0.00178664,0.00178664,0.00178664
8,36.5475,5.41912,31.5584,3.49587,0,0,0,0,5.48233,7.67886,3.85079,0.00198268,0.00198268,0.00198268
9,41.6798,6.00717,19.5901,3.8039,0,0,0,0,5.48233,7.67886,3.85079,0.0019802,0.0019802,0.0019802
10,46.7039,5.83108,25.2034,3.33124,0,0,0,0,5.75317,7.37473,3.6201,0.00197773,0.00197773,0.00197773
11,51.9264,6.35124,18.8503,3.55718,0,0,0,0,5.95826,7.48583,3.45354,0.00197525,0.00197525,0.00197525
12,57.096,5.64274,12.5039,3.37583,0,0,0,0,nan,nan,nan,0.00197277,0.00197277,0.00197277
13,62.15,5.72061,10.3272,3.48428,0,0,0,0,2.80962,inf,157.873,0.0019703,0.0019703,0.0019703
14,67.3006,5.52113,20.1972,3.19851,0.00024,0.0137,0.00012,4e-05,5.03436,8.1012,3.58663,0.00196782,0.00196782,0.00196782
15,72.5032,5.13639,15.9375,3.09157,0.00024,0.0137,0.00012,4e-05,5.03436,8.1012,3.58663,0.00196535,0.00196535,0.00196535
16,77.5382,5.27119,9.5583,3.06428,0,0,0,0,4.99252,4.80957,3.18191,0.00196287,0.00196287,0.00196287
17,81.0857,5.12938,12.2976,3.20888,0,0,0,0,5.08067,5.43246,2.89276,0.0019604,0.0019604,0.0019604
18,84.8919,5.19236,8.98825,3.08437,0,0,0,0,4.89025,5.38985,2.79348,0.00195793,0.00195793,0.00195793
19,88.5187,5.63411,8.53546,3.03883,0,0,0,0,4.84237,6.03613,2.91028,0.00195545,0.00195545,0.00195545
20,92.0753,5.21581,7.68933,2.88537,0,0,0,0,4.84237,6.03613,2.91028,0.00195298,0.00195298,0.00195298
21,95.7356,4.90865,6.94036,2.69328,0,0,0,0,5.13016,5.77518,2.93617,0.0019505,0.0019505,0.0019505
22,99.2673,4.89795,7.25781,2.79864,0,0,0,0,0,5.59375,0,0.00194803,0.00194803,0.00194803
23,102.829,4.6475,6.213,2.78726,0,0,0,0,0,5.96289,0,0.00194555,0.00194555,0.00194555
24,106.455,4.35702,6.34424,2.77662,0,0,0,0,1.50486,8.57422,3.34668,0.00194307,0.00194307,0.00194307
25,110.096,4.93573,6.99722,2.55046,0,0,0,0,1.50486,8.57422,3.34668,0.0019406,0.0019406,0.0019406
26,113.715,4.53842,5.57888,2.45371,0,0,0,0,3.16895,8.51669,7.75582,0.00193813,0.00193813,0.00193813
27,117.321,4.93165,6.8168,2.64211,0,0,0,0,2.92321,8.0625,8.23773,0.00193565,0.00193565,0.00193565
28,120.892,4.4946,6.40013,2.52193,0,0,0,0,4.82134,6.73927,7.63154,0.00193318,0.00193318,0.00193318
29,124.469,4.13682,6.07353,2.33047,0,0,0,0,2.42227,6.3402,8.28094,0.0019307,0.0019307,0.0019307
30,128.275,4.39319,5.45729,2.36515,0,0,0,0,5.69553,8.15314,7.39986,0.00192823,0.00192823,0.00192823
31,131.834,4.18785,5.09947,2.31463,0,0,0,0,5.69553,8.15314,7.39986,0.00192575,0.00192575,0.00192575
32,135.455,4.17606,5.21122,2.43394,0,0,0,0,3.83802,4.7312,2.70667,0.00192328,0.00192328,0.00192328
33,139.114,4.1331,5.04014,2.38409,0,0,0,0,4.03193,5.15486,2.45276,0.0019208,0.0019208,0.0019208
34,142.7,4.28061,5.11192,2.09549,0,0,0,0,3.96928,5.05872,2.39591,0.00191833,0.00191833,0.00191833
35,146.307,4.10295,5.07835,2.217,0,0,0,0,4.50535,5.24098,2.57922,0.00191585,0.00191585,0.00191585
36,149.994,4.305,5.26662,2.17453,0,0,0,0,4.50535,5.24098,2.57922,0.00191338,0.00191338,0.00191338
37,153.506,3.92839,5.03126,2.15351,0,0,0,0,4.47326,4.84582,2.46898,0.0019109,0.0019109,0.0019109
38,157.027,3.9574,4.93198,2.20738,0.00073,0.0274,0.00038,9e-05,4.02251,4.50513,2.19266,0.00190843,0.00190843,0.00190843
39,162.127,4.04827,5.02621,2.24705,0.00075,0.0411,0.0004,0.00014,3.6345,4.47861,2.01659,0.00190595,0.00190595,0.00190595
40,167.087,3.99746,4.70394,2.01658,0.00026,0.0137,0.00013,1e-05,3.58017,4.38956,2.03058,0.00190348,0.00190348,0.00190348
41,170.658,3.73797,4.95255,2.16079,0.00026,0.0137,0.00013,1e-05,3.58017,4.38956,2.03058,0.001901,0.001901,0.001901
42,174.266,4.07483,5.40982,2.14592,0.00143,0.08219,0.00081,0.00017,3.48695,4.26215,1.94594,0.00189853,0.00189853,0.00189853
43,179.315,4.11965,4.69231,2.08219,0.00168,0.09589,0.00093,0.00036,3.45968,4.24617,1.9704,0.00189605,0.00189605,0.00189605
44,184.294,3.64393,4.88183,2.21451,0.00035,0.0137,0.00018,2e-05,3.43661,4.22051,1.97459,0.00189357,0.00189357,0.00189357
45,187.986,3.95178,4.89253,2.29561,0,0,0,0,3.59893,4.15911,2.04929,0.0018911,0.0018911,0.0018911
46,191.467,3.80193,4.7591,2.02046,0,0,0,0,4.02575,4.13712,2.17132,0.00188863,0.00188863,0.00188863
47,194.942,3.55788,4.88263,2.06132,0,0,0,0,4.02575,4.13712,2.17132,0.00188615,0.00188615,0.00188615
48,198.605,3.64815,5.11584,2.11135,0,0,0,0,3.73305,4.18269,2.07748,0.00188368,0.00188368,0.00188368
49,202.17,3.66828,4.75634,1.796,0.00048,0.0137,0.00024,5e-05,3.51322,4.24704,2.02044,0.0018812,0.0018812,0.0018812
50,205.669,3.69081,4.71411,1.91251,0.00543,0.28767,0.00374,0.00135,3.29709,4.29109,1.84077,0.00187872,0.00187872,0.00187872
51,210.868,3.60078,4.72078,1.95057,0.0022,0.09589,0.00129,0.00058,3.14447,4.44964,1.84352,0.00187625,0.00187625,0.00187625
52,216.095,3.6528,4.49751,1.87702,0.0022,0.09589,0.00129,0.00058,3.14447,4.44964,1.84352,0.00187378,0.00187378,0.00187378
53,219.663,3.44064,4.54582,1.98743,0.00195,0.0274,0.00111,0.00011,3.71268,4.44417,2.03198,0.0018713,0.0018713,0.0018713
54,223.223,3.68681,4.73584,1.89068,0.00282,0.0137,0.00145,0.00072,4.30001,4.30635,2.20495,0.00186882,0.00186882,0.00186882
55,226.772,3.61935,4.56585,1.98888,0.00193,0.0137,0.00103,0.00052,3.6917,4.24442,1.96698,0.00186635,0.00186635,0.00186635
56,230.372,3.48617,4.5433,1.97766,0.00603,0.28767,0.00405,0.0016,3.10387,4.07796,1.73221,0.00186388,0.00186388,0.00186388
57,235.414,3.43937,4.50038,1.9405,0.00603,0.28767,0.00405,0.0016,3.10387,4.07796,1.73221,0.0018614,0.0018614,0.0018614
58,240.424,2.97061,4.75841,1.66784,0.00881,0.50685,0.0073,0.00283,2.98469,3.91276,1.70843,0.00185892,0.00185892,0.00185892
59,245.696,3.29268,4.33313,1.85435,0.01098,0.63014,0.01322,0.00503,2.80441,3.73902,1.67097,0.00185645,0.00185645,0.00185645
60,250.715,3.22739,4.13151,1.81205,0.00998,0.39726,0.00996,0.0039,2.69263,3.8215,1.64289,0.00185397,0.00185397,0.00185397
61,254.353,3.05519,4.19636,1.84816,0.00486,0.20548,0.00367,0.00158,2.87593,4.05797,1.69492,0.0018515,0.0018515,0.0018515
62,257.853,3.27099,4.11796,1.70677,0.00816,0.45205,0.00823,0.00321,2.86484,3.79439,1.66732,0.00184903,0.00184903,0.00184903
63,261.337,3.00721,3.96912,1.79577,0.00816,0.45205,0.00823,0.00321,2.86484,3.79439,1.66732,0.00184655,0.00184655,0.00184655
64,265.027,2.9927,3.89309,1.7396,0.01056,0.60274,0.01933,0.00732,2.70817,3.42338,1.59772,0.00184408,0.00184408,0.00184408
65,270.102,2.96192,3.68875,1.73439,0.01095,0.63014,0.07927,0.02862,2.63352,3.20789,1.53767,0.0018416,0.0018416,0.0018416
66,275.263,2.80746,3.6582,1.66701,0.01191,0.67123,0.16881,0.05575,2.72658,2.98688,1.5553,0.00183912,0.00183912,0.00183912
67,280.255,3.07405,3.72895,1.65188,0.01152,0.65753,0.10164,0.03643,2.81287,2.97153,1.59533,0.00183665,0.00183665,0.00183665
68,283.811,2.86876,3.61413,1.76698,0.01152,0.65753,0.10164,0.03643,2.81287,2.97153,1.59533,0.00183418,0.00183418,0.00183418
69,287.365,2.86248,3.51119,1.67662,0.01244,0.69863,0.1514,0.04486,2.86055,2.91076,1.638,0.0018317,0.0018317,0.0018317
70,291.209,2.80638,3.46505,1.75993,0.11677,0.53425,0.16156,0.05088,2.83986,2.7057,1.64587,0.00182923,0.00182923,0.00182923
71,294.75,2.90704,3.43123,1.62248,0.01119,0.64384,0.05478,0.01523,3.07254,2.98609,1.7261,0.00182675,0.00182675,0.00182675
72,298.436,2.8153,3.14852,1.62353,0.01048,0.60274,0.0223,0.00672,3.17569,3.16922,1.80328,0.00182428,0.00182428,0.00182428
73,302.014,2.79655,3.39304,1.73646,0.01048,0.60274,0.0223,0.00672,3.17569,3.16922,1.80328,0.0018218,0.0018218,0.0018218
74,305.619,2.63562,3.37346,1.5793,0.32027,0.38356,0.21006,0.07418,2.66009,2.75786,1.57327,0.00181932,0.00181932,0.00181932
75,310.678,2.63956,3.33823,1.61481,0.29625,0.27397,0.22951,0.08259,2.64969,2.45895,1.54543,0.00181685,0.00181685,0.00181685
76,315.64,2.58467,3.193,1.61134,0.25855,0.13699,0.20276,0.07347,2.66749,2.63029,1.54658,0.00181438,0.00181438,0.00181438
77,319.181,2.61267,3.2213,1.55813,0.34023,0.41096,0.28361,0.10304,2.63203,2.40582,1.52568,0.0018119,0.0018119,0.0018119
78,324.237,2.63369,2.99804,1.59958,0.31094,0.30137,0.25255,0.09794,2.55995,2.42467,1.51715,0.00180943,0.00180943,0.00180943
79,327.788,2.72752,3.18406,1.52679,0.31094,0.30137,0.25255,0.09794,2.55995,2.42467,1.51715,0.00180695,0.00180695,0.00180695
80,331.53,2.54744,3.08963,1.55202,0.44841,0.30137,0.27604,0.09441,2.64042,2.4598,1.5211,0.00180448,0.00180448,0.00180448
81,335.002,2.56038,2.92694,1.39042,0.49996,0.28762,0.33355,0.13192,2.51372,2.36492,1.47327,0.001802,0.001802,0.001802
82,340.225,2.77807,3.08136,1.57005,0.43614,0.34247,0.33185,0.14041,2.46945,2.24,1.4373,0.00179952,0.00179952,0.00179952
83,345.21,2.60681,3.32763,1.45806,0.45704,0.24658,0.30816,0.13057,2.49094,2.44258,1.42769,0.00179705,0.00179705,0.00179705
84,348.788,2.68796,3.03726,1.47684,0.45704,0.24658,0.30816,0.13057,2.49094,2.44258,1.42769,0.00179458,0.00179458,0.00179458
85,352.425,2.50832,2.82544,1.41969,0.40385,0.32484,0.31542,0.13211,2.42935,2.30146,1.40128,0.0017921,0.0017921,0.0017921
86,355.993,2.46031,3.29471,1.34352,0.42739,0.39878,0.37832,0.16244,2.38575,2.30039,1.35447,0.00178962,0.00178962,0.00178962
87,361.058,2.70271,3.62224,1.57169,0.56046,0.38356,0.40177,0.15794,2.36484,2.57666,1.34859,0.00178715,0.00178715,0.00178715
88,364.574,2.58757,3.46107,1.3888,0.4488,0.42386,0.39822,0.13923,2.4213,2.19577,1.37792,0.00178468,0.00178468,0.00178468
89,368.182,2.631,3.01477,1.45236,0.4488,0.42386,0.39822,0.13923,2.4213,2.19577,1.37792,0.0017822,0.0017822,0.0017822
90,371.814,2.66983,3.00491,1.39229,0.43973,0.18288,0.26121,0.06772,2.61833,2.70382,1.43189,0.00177973,0.00177973,0.00177973
91,375.416,2.472,3.00504,1.43742,0.2852,0.21918,0.16078,0.0476,2.595,2.95,1.42478,0.00177725,0.00177725,0.00177725
92,378.959,2.37381,3.04627,1.46461,0.5125,0.27363,0.31408,0.12715,2.41218,2.34599,1.355,0.00177477,0.00177477,0.00177477
93,382.396,2.39183,2.63638,1.38179,0.56122,0.38356,0.43125,0.19883,2.31902,2.08388,1.33274,0.0017723,0.0017723,0.0017723
94,387.198,2.48243,3.51003,1.39246,0.58512,0.41096,0.4558,0.21242,2.25905,2.14562,1.3335,0.00176983,0.00176983,0.00176983
95,392.212,2.57143,2.8123,1.44667,0.58512,0.41096,0.4558,0.21242,2.25905,2.14562,1.3335,0.00176735,0.00176735,0.00176735
96,397.213,2.50019,3.0478,1.38776,0.55265,0.39726,0.44251,0.20013,2.35305,2.08919,1.36365,0.00176487,0.00176487,0.00176487
97,400.759,2.52119,2.53506,1.35733,0.47484,0.26011,0.32291,0.1314,2.42681,2.47005,1.38086,0.0017624,0.0017624,0.0017624
98,404.396,2.43876,2.97134,1.4284,0.43737,0.23288,0.28099,0.1026,2.40982,2.54567,1.37421,0.00175993,0.00175993,0.00175993
99,408.013,2.44424,2.45341,1.31699,0.37542,0.45205,0.34663,0.12259,2.33302,2.2015,1.33582,0.00175745,0.00175745,0.00175745
100,411.563,2.50533,2.68544,1.41908,0.37542,0.45205,0.34663,0.12259,2.33302,2.2015,1.33582,0.00175497,0.00175497,0.00175497
101,415.096,2.34782,2.60745,1.36215,0.52123,0.46575,0.46063,0.1777,2.20687,2.18457,1.2868,0.0017525,0.0017525,0.0017525
102,420.186,2.26721,2.27695,1.36022,0.58098,0.43687,0.48543,0.20867,2.17506,2.02687,1.27063,0.00175003,0.00175003,0.00175003
103,423.742,2.42519,2.42554,1.36799,0.56696,0.43836,0.49062,0.21871,2.11832,1.96357,1.26183,0.00174755,0.00174755,0.00174755
104,429.046,2.26494,2.27133,1.31925,0.67327,0.42466,0.48356,0.21158,2.19675,1.91523,1.27396,0.00174508,0.00174508,0.00174508
105,432.741,2.23939,2.30385,1.38084,0.67327,0.42466,0.48356,0.21158,2.19675,1.91523,1.27396,0.0017426,0.0017426,0.0017426
106,436.552,2.43579,2.33594,1.34764,0.71692,0.43836,0.50304,0.21459,2.21082,1.82649,1.27756,0.00174013,0.00174013,0.00174013
107,440.148,2.23901,2.07192,1.21643,0.79946,0.42466,0.53895,0.24018,2.15101,1.75831,1.2582,0.00173765,0.00173765,0.00173765
108,445.239,2.26687,2.10096,1.31133,0.64633,0.52055,0.56385,0.27179,2.08255,1.71835,1.24484,0.00173518,0.00173518,0.00173518
109,450.189,2.15415,2.15293,1.28267,0.76636,0.43836,0.50096,0.22461,2.1301,1.85663,1.27563,0.0017327,0.0017327,0.0017327
110,453.921,2.36499,2.12752,1.32107,0.60715,0.46575,0.4825,0.21657,2.16704,1.79715,1.28199,0.00173023,0.00173023,0.00173023
111,457.536,2.25976,2.15337,1.30607,0.60715,0.46575,0.4825,0.21657,2.16704,1.79715,1.28199,0.00172775,0.00172775,0.00172775
112,461.107,2.16545,2.01633,1.30355,0.58652,0.49315,0.49121,0.23364,2.11197,1.75617,1.25775,0.00172527,0.00172527,0.00172527
113,464.591,2.2113,2.10832,1.28344,0.68479,0.52055,0.52737,0.26525,2.02851,1.72404,1.22339,0.0017228,0.0017228,0.0017228
114,468.175,2.1477,2.06028,1.24323,0.68142,0.53425,0.54736,0.25438,2.03755,1.70108,1.21848,0.00172033,0.00172033,0.00172033
115,471.766,2.23123,2.02811,1.28234,0.6496,0.53331,0.55615,0.24858,2.04958,1.67113,1.22294,0.00171785,0.00171785,0.00171785
116,475.488,2.04246,1.90215,1.25854,0.6496,0.53331,0.55615,0.24858,2.04958,1.67113,1.22294,0.00171537,0.00171537,0.00171537
117,478.989,1.9974,1.80218,1.20223,0.67765,0.54795,0.56661,0.25738,1.98955,1.63289,1.21234,0.0017129,0.0017129,0.0017129
118,482.572,2.21107,1.90998,1.23227,0.6076,0.56164,0.55545,0.25784,2.00874,1.68985,1.22624,0.00171043,0.00171043,0.00171043
119,486.137,1.97807,1.71138,1.21282,0.71058,0.53817,0.53884,0.25569,1.99594,1.77414,1.22313,0.00170795,0.00170795,0.00170795
120,489.782,2.04387,1.67809,1.26379,0.66397,0.51435,0.54253,0.27794,1.96628,1.77372,1.21807,0.00170548,0.00170548,0.00170548
121,494.765,2.03033,2.21911,1.19102,0.66397,0.51435,0.54253,0.27794,1.96628,1.77372,1.21807,0.001703,0.001703,0.001703
122,499.91,2.04228,1.68446,1.19199,0.7855,0.50685,0.56276,0.28845,1.97209,1.7733,1.20596,0.00170053,0.00170053,0.00170053
123,505.205,2.02883,1.77348,1.29743,0.66299,0.42466,0.52892,0.29483,1.94826,1.87321,1.19619,0.00169805,0.00169805,0.00169805
124,510.171,2.18312,1.92132,1.22392,0.77923,0.38356,0.52687,0.29716,1.94932,1.88283,1.19143,0.00169557,0.00169557,0.00169557
125,515.194,2.00019,1.65933,1.21845,0.77854,0.52979,0.58735,0.31595,1.96535,1.69197,1.18614,0.0016931,0.0016931,0.0016931
126,520.208,1.96671,1.66521,1.2001,0.86928,0.5466,0.61727,0.33636,1.94537,1.64283,1.1822,0.00169063,0.00169063,0.00169063
127,525.146,2.12922,1.72105,1.19727,0.86928,0.5466,0.61727,0.33636,1.94537,1.64283,1.1822,0.00168815,0.00168815,0.00168815
128,530.203,2.06618,1.65827,1.19254,0.86627,0.53425,0.61083,0.34501,1.88897,1.57797,1.17461,0.00168567,0.00168567,0.00168567
129,535.176,2.04898,1.70313,1.20101,0.91325,0.54795,0.63001,0.35076,1.82383,1.57222,1.16322,0.0016832,0.0016832,0.0016832
130,540.178,2.02273,1.66993,1.16688,0.82634,0.57534,0.63097,0.3409,1.78308,1.74201,1.15217,0.00168073,0.00168073,0.00168073
131,543.689,2.16128,1.71838,1.22891,0.76298,0.58904,0.62218,0.31806,1.81337,1.82525,1.15498,0.00167825,0.00167825,0.00167825
132,547.72,2.06766,1.77244,1.22101,0.76298,0.58904,0.62218,0.31806,1.81337,1.82525,1.15498,0.00167577,0.00167577,0.00167577
133,551.242,1.88669,1.57368,1.17187,0.87723,0.56164,0.63583,0.31577,1.89624,1.57014,1.17669,0.0016733,0.0016733,0.0016733
134,554.871,1.94521,1.587,1.18464,0.88262,0.51508,0.62651,0.32191,1.98744,1.50589,1.20462,0.00167083,0.00167083,0.00167083
135,558.599,2.0843,1.79038,1.26088,0.79444,0.52948,0.6196,0.3062,2.03791,1.50568,1.22334,0.00166835,0.00166835,0.00166835
136,562.076,1.85665,1.58624,1.23485,0.82338,0.54795,0.63416,0.30452,2.02327,1.51802,1.2181,0.00166588,0.00166588,0.00166588
137,565.619,1.86592,1.58692,1.15024,0.82338,0.54795,0.63416,0.30452,2.02327,1.51802,1.2181,0.0016634,0.0016634,0.0016634
138,569.195,1.91907,1.44164,1.17995,0.90573,0.52055,0.64224,0.29,2.04245,1.52635,1.22282,0.00166092,0.00166092,0.00166092
139,572.711,1.94876,1.62185,1.21207,0.8737,0.54795,0.64402,0.31788,1.90477,1.42886,1.18036,0.00165845,0.00165845,0.00165845
140,576.25,1.90092,1.60381,1.16545,0.88949,0.55138,0.64811,0.34864,1.75467,1.34376,1.12526,0.00165598,0.00165598,0.00165598
141,580.092,1.82325,1.47243,1.14612,0.84852,0.61391,0.65631,0.36778,1.73628,1.4087,1.10896,0.0016535,0.0016535,0.0016535
142,585.124,1.99339,1.59292,1.19642,0.87276,0.60274,0.6574,0.34959,1.76307,1.41206,1.11817,0.00165102,0.00165102,0.00165102
143,588.909,1.78185,1.39203,1.13806,0.87276,0.60274,0.6574,0.34959,1.76307,1.41206,1.11817,0.00164855,0.00164855,0.00164855
144,592.427,1.93239,1.57814,1.22196,0.86242,0.60274,0.66735,0.34763,1.7976,1.37534,1.14086,0.00164608,0.00164608,0.00164608
145,595.821,1.80679,1.47442,1.14965,0.91235,0.58904,0.67276,0.30331,1.96182,1.47881,1.19527,0.0016436,0.0016436,0.0016436
146,599.52,1.73675,1.65025,1.11072,0.92266,0.54795,0.6578,0.29436,2.04172,1.50131,1.22636,0.00164113,0.00164113,0.00164113
147,603.12,1.67317,1.33436,1.15894,0.88421,0.52309,0.65198,0.31651,1.96743,1.39289,1.20347,0.00163865,0.00163865,0.00163865
148,606.717,2.03725,1.61805,1.22033,0.88421,0.52309,0.65198,0.31651,1.96743,1.39289,1.20347,0.00163618,0.00163618,0.00163618
149,610.47,1.92761,1.4466,1.19157,0.76316,0.57534,0.64958,0.36551,1.79823,1.40681,1.16055,0.0016337,0.0016337,0.0016337
150,614.008,1.90927,1.53194,1.12851,0.77021,0.59697,0.65746,0.37345,1.75024,1.3749,1.13592,0.00163123,0.00163123,0.00163123
151,619.129,1.98844,1.88318,1.36734,0.83351,0.63014,0.67633,0.36666,1.78811,1.42227,1.13411,0.00162875,0.00162875,0.00162875
152,624.134,1.87667,1.53729,1.14264,0.89088,0.53425,0.64854,0.33208,1.83735,1.56753,1.15397,0.00162628,0.00162628,0.00162628
153,627.69,1.85968,1.5192,1.10122,0.89088,0.53425,0.64854,0.33208,1.83735,1.56753,1.15397,0.0016238,0.0016238,0.0016238
154,631.327,1.96325,1.62867,1.23074,0.88613,0.60274,0.66753,0.35198,1.8166,1.52155,1.15358,0.00162132,0.00162132,0.00162132
155,634.939,1.66174,1.46525,1.16211,0.88313,0.58904,0.67086,0.35543,1.77414,1.59908,1.15139,0.00161885,0.00161885,0.00161885
156,638.494,1.80221,1.38924,1.09881,0.86297,0.53425,0.6534,0.33752,1.77324,2.18203,1.15179,0.00161638,0.00161638,0.00161638
157,642.12,1.75104,1.41568,1.17588,0.82564,0.56164,0.66846,0.32303,1.81715,1.72817,1.15418,0.0016139,0.0016139,0.0016139
158,645.694,1.85876,1.3439,1.148,0.8954,0.58633,0.6531,0.29727,1.90815,1.39486,1.17009,0.00161142,0.00161142,0.00161142
159,649.254,1.68735,1.28493,1.08605,0.8954,0.58633,0.6531,0.29727,1.90815,1.39486,1.17009,0.00160895,0.00160895,0.00160895
160,652.856,1.79144,1.43043,1.13757,0.94506,0.60274,0.67381,0.30916,1.97145,1.43825,1.18969,0.00160648,0.00160648,0.00160648
161,656.311,1.79136,1.36742,1.08581,0.95684,0.60749,0.69577,0.34093,1.86732,1.26926,1.14695,0.001604,0.001604,0.001604
162,659.896,1.89078,1.32954,1.15894,0.93767,0.61828,0.69507,0.37965,1.71695,1.2331,1.10382,0.00160152,0.00160152,0.00160152
163,664.939,1.83223,1.40022,1.13208,0.92272,0.65426,0.71029,0.3965,1.66397,1.24992,1.08489,0.00159905,0.00159905,0.00159905
164,670.101,1.58132,1.12215,1.0911,0.92272,0.65426,0.71029,0.3965,1.66397,1.24992,1.08489,0.00159658,0.00159658,0.00159658
165,675.104,1.75093,1.28091,1.1104,0.89634,0.59231,0.70435,0.34504,1.90016,1.46389,1.14382,0.0015941,0.0015941,0.0015941
166,678.801,1.7836,1.33395,1.14444,0.93742,0.61557,0.70648,0.33058,1.99584,1.45636,1.175,0.00159162,0.00159162,0.00159162
167,682.257,1.86468,1.4262,1.23536,0.91947,0.62566,0.72343,0.35748,1.92043,1.30255,1.15865,0.00158915,0.00158915,0.00158915
168,685.67,1.78272,1.29461,1.08216,0.88357,0.67123,0.73095,0.40614,1.7195,1.18734,1.10533,0.00158668,0.00158668,0.00158668
169,690.707,1.67005,1.30327,1.11558,0.88357,0.67123,0.73095,0.40614,1.7195,1.18734,1.10533,0.0015842,0.0015842,0.0015842
170,695.759,1.62323,1.11534,1.04897,0.90723,0.67123,0.72831,0.40461,1.62157,1.14618,1.06544,0.00158173,0.00158173,0.00158173
171,699.385,1.82879,1.32114,1.07708,0.89645,0.65753,0.70985,0.35141,1.72558,1.27164,1.08768,0.00157925,0.00157925,0.00157925
172,702.818,1.60062,1.31843,1.05036,0.88344,0.65753,0.69171,0.31753,1.8953,1.33755,1.1432,0.00157678,0.00157678,0.00157678
173,706.42,1.83768,1.50404,1.14942,0.86439,0.64384,0.69497,0.30767,2.04014,1.3113,1.20314,0.0015743,0.0015743,0.0015743
174,710.231,1.76197,1.24941,1.05665,0.81062,0.61644,0.66453,0.32849,1.93557,1.52328,1.17711,0.00157182,0.00157182,0.00157182
175,713.782,1.62332,1.19978,1.0659,0.81062,0.61644,0.66453,0.32849,1.93557,1.52328,1.17711,0.00156935,0.00156935,0.00156935
176,717.425,1.87248,1.46213,1.15152,0.84925,0.63014,0.6924,0.3503,1.83027,1.34088,1.13233,0.00156688,0.00156688,0.00156688
177,721.248,1.63145,1.15967,1.08502,0.95825,0.62886,0.70725,0.36143,1.80513,1.22878,1.11988,0.0015644,0.0015644,0.0015644
178,724.715,1.64901,1.22501,1.08602,0.89106,0.63014,0.71141,0.36022,1.77069,1.26362,1.10678,0.00156193,0.00156193,0.00156193
179,728.264,1.57319,1.35439,1.18742,0.94024,0.64666,0.72146,0.38318,1.76586,1.20385,1.11018,0.00155945,0.00155945,0.00155945
180,731.867,1.69776,1.11328,1.06876,0.94024,0.64666,0.72146,0.38318,1.76586,1.20385,1.11018,0.00155697,0.00155697,0.00155697
181,735.427,1.70737,1.30685,1.05844,0.90053,0.68493,0.72561,0.3988,1.64192,1.1664,1.07135,0.0015545,0.0015545,0.0015545
182,738.925,1.69647,1.28695,1.12161,0.92679,0.69372,0.72798,0.41653,1.58443,1.1559,1.05436,0.00155203,0.00155203,0.00155203
183,744.129,1.60695,1.13532,1.07659,0.88229,0.69863,0.73827,0.41261,1.56161,1.14387,1.04619,0.00154955,0.00154955,0.00154955
184,747.661,1.74987,1.09709,1.07844,0.93901,0.63272,0.71531,0.37812,1.67894,1.26737,1.06895,0.00154707,0.00154707,0.00154707
185,751.425,1.82979,1.23049,1.09814,0.93901,0.63272,0.71531,0.37812,1.67894,1.26737,1.06895,0.0015446,0.0015446,0.0015446
186,754.98,1.64352,1.04528,1.03791,0.90548,0.68493,0.73016,0.3835,1.73855,1.26758,1.09204,0.00154213,0.00154213,0.00154213
187,758.413,1.654,1.16143,1.11256,0.94094,0.68493,0.73356,0.41119,1.6241,1.20225,1.07446,0.00153965,0.00153965,0.00153965
188,762.072,1.62058,1.15493,1.06916,0.95827,0.67123,0.74003,0.39449,1.66119,1.18659,1.07523,0.00153717,0.00153717,0.00153717
189,765.621,1.66551,1.1987,1.13124,0.95702,0.65753,0.73056,0.3387,1.87124,1.26377,1.14388,0.0015347,0.0015347,0.0015347
190,769.077,1.649,1.14411,1.0816,0.96052,0.63014,0.72459,0.30351,2.02571,1.29071,1.20086,0.00153223,0.00153223,0.00153223
191,772.641,1.62629,1.04617,1.10014,0.96052,0.63014,0.72459,0.30351,2.02571,1.29071,1.20086,0.00152975,0.00152975,0.00152975
192,776.182,1.5647,1.03909,1.05206,0.92499,0.67123,0.72267,0.34095,1.83936,1.41076,1.14487,0.00152728,0.00152728,0.00152728
193,779.572,1.46459,1.32936,0.99238,0.91079,0.67123,0.71827,0.36739,1.6708,1.32418,1.08431,0.0015248,0.0015248,0.0015248
194,783.189,1.70726,1.18828,1.13155,0.9675,0.67123,0.73988,0.37105,1.63718,1.13378,1.06345,0.00152233,0.00152233,0.00152233
195,786.87,1.60253,1.08503,1.07792,0.97137,0.67123,0.73376,0.39872,1.63561,1.13715,1.06205,0.00151985,0.00151985,0.00151985
196,790.4,1.70205,1.13727,1.02026,0.97137,0.67123,0.73376,0.39872,1.63561,1.13715,1.06205,0.00151737,0.00151737,0.00151737
197,794.056,1.45132,1.08298,0.9992,0.9139,0.69863,0.73899,0.40344,1.6413,1.09073,1.05897,0.0015149,0.0015149,0.0015149
198,797.798,1.67368,1.16744,1.11226,0.92969,0.68493,0.73647,0.39547,1.66232,1.13695,1.06501,0.00151243,0.00151243,0.00151243
199,801.409,1.60034,1.04928,1.06952,0.94045,0.67123,0.73608,0.42691,1.56999,1.08738,1.04217,0.00150995,0.00150995,0.00150995
200,806.496,1.56846,1.11385,1.05516,0.85451,0.72603,0.74514,0.43895,1.516,1.03793,1.03636,0.00150747,0.00150747,0.00150747
201,811.467,1.5812,1.0645,1.03758,0.85451,0.72603,0.74514,0.43895,1.516,1.03793,1.03636,0.001505,0.001505,0.001505
202,818.13,1.59625,0.98168,1.02218,0.92078,0.69863,0.75185,0.4378,1.53587,1.04383,1.04442,0.00150253,0.00150253,0.00150253
203,821.846,1.63011,1.02386,1.03368,0.94443,0.69847,0.75936,0.42932,1.62074,1.07414,1.0616,0.00150005,0.00150005,0.00150005
204,825.377,1.56605,1.11354,1.13254,0.91053,0.69704,0.75443,0.43076,1.6286,1.10808,1.06939,0.00149758,0.00149758,0.00149758
205,828.871,1.61116,1.09547,1.07783,0.9316,0.68493,0.74245,0.411,1.67787,1.13461,1.08969,0.0014951,0.0014951,0.0014951
206,832.467,1.42907,0.96039,0.99798,0.94768,0.68493,0.73516,0.39294,1.72721,1.18175,1.10606,0.00149263,0.00149263,0.00149263
207,836.015,1.44207,0.98941,1.00542,0.94768,0.68493,0.73516,0.39294,1.72721,1.18175,1.10606,0.00149015,0.00149015,0.00149015
208,839.561,1.5617,1.11872,1.04704,0.945,0.68493,0.73453,0.3713,1.78338,1.21132,1.1126,0.00148767,0.00148767,0.00148767
209,843.185,1.53065,1.00684,1.06938,0.91041,0.68493,0.74245,0.36986,1.73204,1.14555,1.08509,0.0014852,0.0014852,0.0014852
210,846.816,1.61657,1.01424,1.03575,0.93452,0.68493,0.76305,0.42275,1.62487,1.06312,1.06064,0.00148273,0.00148273,0.00148273
211,850.352,1.62426,1.13057,1.02361,0.95969,0.65232,0.77343,0.46378,1.5061,0.99531,1.03216,0.00148025,0.00148025,0.00148025
212,855.423,1.59916,1.04617,1.06176,0.95969,0.65232,0.77343,0.46378,1.5061,0.99531,1.03216,0.00147778,0.00147778,0.00147778
213,860.483,1.49145,1.02774,1.05045,0.98016,0.64384,0.77055,0.48976,1.40211,0.96128,1.00498,0.0014753,0.0014753,0.0014753
214,865.499,1.46496,1.07512,0.99341,0.88025,0.70493,0.74195,0.47503,1.42243,1.03135,1.00005,0.00147283,0.00147283,0.00147283
215,869.164,1.62325,1.10358,1.06888,0.93117,0.67123,0.74553,0.45027,1.50677,1.08465,1.01138,0.00147035,0.00147035,0.00147035
216,872.605,1.72411,1.03887,1.07047,0.95814,0.68493,0.75665,0.44296,1.52876,1.08412,1.019,0.00146787,0.00146787,0.00146787
217,876.233,1.47571,1.0443,1.0611,0.95814,0.68493,0.75665,0.44296,1.52876,1.08412,1.019,0.0014654,0.0014654,0.0014654
218,879.851,1.57002,1.04749,1.08631,0.94506,0.70702,0.75755,0.42242,1.66305,1.06752,1.06309,0.00146293,0.00146293,0.00146293
219,883.355,1.70242,1.15127,1.1063,0.93644,0.71233,0.75395,0.40718,1.76378,1.07545,1.08792,0.00146045,0.00146045,0.00146045
220,887.041,1.6155,1.05517,1.01774,0.93463,0.71233,0.75124,0.43653,1.6578,1.05846,1.0659,0.00145798,0.00145798,0.00145798
221,890.639,1.56055,0.99576,1.02503,0.93797,0.68493,0.74198,0.45881,1.52284,1.04286,1.02597,0.0014555,0.0014555,0.0014555
222,894.138,1.38515,0.91865,1.00323,0.94866,0.68493,0.74454,0.44476,1.49272,1.07374,1.00803,0.00145302,0.00145302,0.00145302
223,897.646,1.55278,0.95791,1.03692,0.94866,0.68493,0.74454,0.44476,1.49272,1.07374,1.00803,0.00145055,0.00145055,0.00145055
224,901.191,1.62194,1.03827,1.05734,0.93228,0.68493,0.74452,0.42695,1.522,1.13902,1.02014,0.00144808,0.00144808,0.00144808
225,904.815,1.74536,1.22841,1.11917,0.87793,0.72603,0.74993,0.42663,1.549,1.08068,1.03302,0.0014456,0.0014456,0.0014456
226,908.354,1.56009,1.24459,1.15657,0.91602,0.68493,0.72931,0.42022,1.62137,1.07701,1.06951,0.00144312,0.00144312,0.00144312
227,912.021,1.49144,0.977,1.08253,0.87644,0.69863,0.72504,0.41218,1.64633,1.00623,1.08202,0.00144065,0.00144065,0.00144065
228,915.612,1.49284,1.03581,0.99964,0.87644,0.69863,0.72504,0.41218,1.64633,1.00623,1.08202,0.00143818,0.00143818,0.00143818
229,919.151,1.60374,1.06176,1.06254,0.94662,0.68493,0.75315,0.42244,1.66943,0.99938,1.07174,0.0014357,0.0014357,0.0014357
230,922.797,1.58647,1.02615,1.01881,0.93014,0.69863,0.76632,0.43553,1.6307,1.0415,1.0549,0.00143322,0.00143322,0.00143322
231,926.413,1.50212,0.96484,0.96358,0.90424,0.71233,0.75145,0.47438,1.48097,1.06071,1.0127,0.00143075,0.00143075,0.00143075
232,930.006,1.55897,1.04829,1.04911,0.89806,0.68493,0.74183,0.46398,1.41866,1.1062,0.9973,0.00142827,0.00142827,0.00142827
233,933.56,1.46785,1.00793,1.01739,0.89806,0.68493,0.74183,0.46398,1.41866,1.1062,0.9973,0.0014258,0.0014258,0.0014258
234,937.202,1.5936,0.965,1.04325,0.92777,0.68493,0.73819,0.4846,1.36819,1.08859,0.98941,0.00142333,0.00142333,0.00142333
235,940.731,1.50938,0.96697,1.01522,0.91029,0.69507,0.74295,0.49269,1.37679,1.08597,0.9958,0.00142085,0.00142085,0.00142085
236,944.155,1.44964,0.92835,1.03712,0.9123,0.71247,0.75722,0.46821,1.51182,1.08303,1.02772,0.00141838,0.00141838,0.00141838
237,947.81,1.50771,0.97171,1.01381,0.94344,0.68557,0.75146,0.42283,1.65703,1.09234,1.05078,0.0014159,0.0014159,0.0014159
238,951.354,1.41782,0.88588,1.00376,0.91159,0.69863,0.74068,0.40004,1.64467,1.12499,1.04953,0.00141343,0.00141343,0.00141343
239,954.936,1.47106,1.02743,1.00053,0.91159,0.69863,0.74068,0.40004,1.64467,1.12499,1.04953,0.00141095,0.00141095,0.00141095
240,958.625,1.43463,0.88985,1.00394,0.91603,0.69863,0.74079,0.43156,1.53938,1.08985,1.05128,0.00140847,0.00140847,0.00140847
241,962.147,1.47741,0.93048,1.00553,0.96165,0.68711,0.75377,0.45221,1.44318,0.95686,1.01066,0.001406,0.001406,0.001406
242,965.611,1.51166,0.94458,0.98783,0.9761,0.72603,0.7556,0.42807,1.54157,1.01161,1.0261,0.00140352,0.00140352,0.00140352
243,969.198,1.43043,0.90245,1.03653,0.94501,0.71233,0.76078,0.39788,1.71747,1.02535,1.06549,0.00140105,0.00140105,0.00140105
244,972.729,1.58599,0.97593,1.00054,0.94501,0.71233,0.76078,0.39788,1.71747,1.02535,1.06549,0.00139858,0.00139858,0.00139858
245,976.173,1.59983,1.08154,1.08655,0.936,0.72603,0.76859,0.41259,1.68104,1.02903,1.06528,0.0013961,0.0013961,0.0013961
246,979.805,1.5872,0.92328,1.0881,0.94702,0.73472,0.76609,0.42607,1.59798,0.98437,1.06122,0.00139362,0.00139362,0.00139362
247,983.545,1.404,0.89369,1.00664,0.93194,0.75031,0.7704,0.41989,1.59288,0.96907,1.0654,0.00139115,0.00139115,0.00139115
248,987.032,1.55299,1.05515,1.1228,0.89699,0.73973,0.75893,0.43757,1.48993,0.98263,1.04416,0.00138867,0.00138867,0.00138867
249,990.587,1.42084,0.88233,1.02386,0.89699,0.73973,0.75893,0.43757,1.48993,0.98263,1.04416,0.0013862,0.0013862,0.0013862
250,994.182,1.48601,0.98658,1.04065,0.93196,0.75058,0.77926,0.47321,1.42655,0.94256,1.01544,0.00138372,0.00138372,0.00138372
251,997.727,1.52981,0.95123,1.02234,0.96873,0.72603,0.78156,0.45746,1.48354,0.96471,1.01041,0.00138125,0.00138125,0.00138125
252,1002.81,1.54236,0.98359,1.05293,0.98036,0.68373,0.76442,0.43186,1.53808,1.02583,1.0228,0.00137878,0.00137878,0.00137878
253,1006.38,1.45176,0.93239,0.98651,0.9337,0.69863,0.77365,0.46154,1.45803,1.00002,1.00591,0.0013763,0.0013763,0.0013763
254,1009.98,1.39786,0.98762,1.03869,0.91337,0.72217,0.77366,0.46332,1.48133,0.98452,1.01687,0.00137383,0.00137383,0.00137383
255,1013.56,1.54458,1.12285,1.08073,0.91337,0.72217,0.77366,0.46332,1.48133,0.98452,1.01687,0.00137135,0.00137135,0.00137135
256,1017.13,1.46598,0.98793,1.03645,0.9134,0.72242,0.76787,0.44606,1.50951,1.01073,1.0325,0.00136888,0.00136888,0.00136888
257,1020.7,1.41399,0.92422,1.01069,0.90472,0.73973,0.77132,0.45145,1.5082,1.01065,1.03051,0.0013664,0.0013664,0.0013664
258,1024.53,1.37505,0.85763,1.00163,0.92778,0.69863,0.7754,0.44295,1.54336,1.02915,1.03234,0.00136392,0.00136392,0.00136392
259,1027.99,1.32884,0.85812,0.96604,0.96674,0.68493,0.77626,0.46612,1.49571,0.98164,1.01596,0.00136145,0.00136145,0.00136145
260,1031.54,1.49031,0.91625,1.03648,0.96674,0.68493,0.77626,0.46612,1.49571,0.98164,1.01596,0.00135898,0.00135898,0.00135898
261,1035.17,1.41856,0.9303,1.00383,0.96963,0.68493,0.76137,0.45837,1.52848,0.96064,1.01647,0.0013565,0.0013565,0.0013565
262,1038.68,1.53426,1.11742,1.17746,0.94008,0.64476,0.76021,0.43482,1.55857,1.00751,1.03007,0.00135403,0.00135403,0.00135403
263,1042.14,1.40524,1.02357,1.046,0.89437,0.69599,0.76626,0.46362,1.51508,1.00656,1.02955,0.00135155,0.00135155,0.00135155
264,1045.78,1.42018,0.90052,0.97879,0.94445,0.69872,0.78656,0.4831,1.47726,0.93159,1.02508,0.00134908,0.00134908,0.00134908
265,1049.37,1.44708,0.93076,0.99503,0.94445,0.69872,0.78656,0.4831,1.47726,0.93159,1.02508,0.0013466,0.0013466,0.0013466
266,1052.98,1.34055,0.9214,0.97009,0.94534,0.71072,0.78754,0.48271,1.46998,0.92401,1.0126,0.00134413,0.00134413,0.00134413
267,1056.59,1.61563,1.02776,1.03772,0.94931,0.65753,0.77364,0.45239,1.57334,0.97704,1.03511,0.00134165,0.00134165,0.00134165
268,1060.19,1.47614,0.92452,1.0077,0.94738,0.64384,0.76898,0.42411,1.64853,0.98826,1.06082,0.00133917,0.00133917,0.00133917
269,1063.75,1.36098,0.93852,1.05214,0.93179,0.71233,0.78037,0.45396,1.48831,0.93013,1.02478,0.0013367,0.0013367,0.0013367
270,1067.38,1.4597,0.90247,1.04742,0.91138,0.72603,0.78719,0.48039,1.42484,0.89954,1.00817,0.00133423,0.00133423,0.00133423
271,1070.96,1.40958,0.86637,0.98086,0.91138,0.72603,0.78719,0.48039,1.42484,0.89954,1.00817,0.00133175,0.00133175,0.00133175
272,1074.59,1.30069,0.81401,0.9633,0.94542,0.71183,0.78396,0.47459,1.41563,0.90466,1.00057,0.00132927,0.00132927,0.00132927
273,1078.18,1.37904,0.85933,0.97613,0.95919,0.71233,0.78312,0.46956,1.45988,0.92415,1.00295,0.0013268,0.0013268,0.0013268
274,1081.71,1.3056,0.96713,1.01713,0.97435,0.71233,0.78329,0.45128,1.49825,0.94497,1.00925,0.00132432,0.00132432,0.00132432
275,1085.38,1.32324,0.79784,0.96011,0.9128,0.71705,0.78024,0.46131,1.43278,0.92347,0.99352,0.00132185,0.00132185,0.00132185
276,1088.95,1.3698,0.81664,1.01722,0.9128,0.71705,0.78024,0.46131,1.43278,0.92347,0.99352,0.00131938,0.00131938,0.00131938
277,1092.55,1.34654,0.84125,0.99275,0.92834,0.70993,0.77549,0.44726,1.4379,0.96865,1.00054,0.0013169,0.0013169,0.0013169
278,1096.11,1.31086,0.81489,0.94967,0.88999,0.71233,0.77838,0.43026,1.4932,1.01585,1.01239,0.00131443,0.00131443,0.00131443
279,1099.75,1.47662,0.89217,1.00477,0.88244,0.71985,0.78531,0.45766,1.45145,0.98293,1.00106,0.00131195,0.00131195,0.00131195
280,1103.32,1.42616,0.97162,1.03261,0.98028,0.68088,0.78364,0.45318,1.54106,0.98699,1.03309,0.00130948,0.00130948,0.00130948
281,1106.86,1.3763,0.83032,0.98638,0.98028,0.68088,0.78364,0.45318,1.54106,0.98699,1.03309,0.001307,0.001307,0.001307
282,1110.58,1.36342,0.82722,1.00927,0.93624,0.64384,0.761,0.41022,1.7625,1.05284,1.10303,0.00130452,0.00130452,0.00130452
283,1114.14,1.40008,0.84435,0.99615,0.97872,0.63013,0.75917,0.42267,1.71513,1.0584,1.09024,0.00130205,0.00130205,0.00130205
284,1117.65,1.43691,0.91312,0.99975,0.91151,0.70559,0.76853,0.46706,1.49017,0.96276,1.02252,0.00129957,0.00129957,0.00129957
285,1121.16,1.44753,0.92525,0.96844,0.93565,0.72603,0.77031,0.4818,1.36519,0.96818,0.98789,0.0012971,0.0012971,0.0012971
286,1124.55,1.425,0.84821,0.99752,0.9329,0.68493,0.75586,0.46215,1.41076,1.02744,1.00373,0.00129463,0.00129463,0.00129463
287,1127.86,1.39192,0.95779,1.01242,0.9329,0.68493,0.75586,0.46215,1.41076,1.02744,1.00373,0.00129215,0.00129215,0.00129215
288,1131.06,1.4972,0.9897,1.00782,0.91856,0.68493,0.74667,0.44728,1.51309,1.10553,1.03532,0.00128967,0.00128967,0.00128967
289,1134.76,1.46784,0.85196,0.99842,0.9416,0.66269,0.76313,0.43119,1.54108,1.09249,1.03756,0.0012872,0.0012872,0.0012872
290,1138.29,1.4785,0.8778,0.99824,0.92634,0.68493,0.77953,0.46368,1.50071,0.97999,1.01823,0.00128473,0.00128473,0.00128473
291,1141.76,1.28538,0.77712,0.94109,0.911,0.70112,0.78323,0.48225,1.41835,0.93325,0.9936,0.00128225,0.00128225,0.00128225
292,1145.35,1.30662,0.81061,0.98734,0.911,0.70112,0.78323,0.48225,1.41835,0.93325,0.9936,0.00127977,0.00127977,0.00127977
293,1148.88,1.36004,0.93612,1.00635,0.91488,0.69863,0.77485,0.47303,1.41259,0.94595,0.99087,0.0012773,0.0012773,0.0012773
294,1152.37,1.262,0.87478,0.97734,0.90685,0.72603,0.77452,0.44342,1.48849,0.9615,1.00294,0.00127483,0.00127483,0.00127483
295,1156.14,1.26192,0.77345,0.9878,0.92976,0.72527,0.75764,0.40749,1.61154,0.98155,1.03341,0.00127235,0.00127235,0.00127235
296,1159.73,1.48694,0.87093,1.02845,0.98107,0.71008,0.76167,0.41219,1.63965,0.9839,1.04674,0.00126987,0.00126987,0.00126987
297,1163.3,1.40318,0.86598,1.00012,0.98107,0.71008,0.76167,0.41219,1.63965,0.9839,1.04674,0.0012674,0.0012674,0.0012674
298,1166.95,1.24534,0.82283,0.95108,0.91568,0.74384,0.7896,0.47655,1.43769,0.91277,1.00405,0.00126492,0.00126492,0.00126492
299,1170.46,1.35467,0.80137,0.96197,0.91011,0.75342,0.78634,0.51618,1.31403,0.87436,0.98344,0.00126245,0.00126245,0.00126245
300,1175.55,1.34964,0.78416,0.94631,0.87283,0.75342,0.78205,0.50713,1.27026,0.89474,0.97146,0.00125997,0.00125997,0.00125997
301,1179.09,1.26391,0.78921,0.97233,0.92591,0.68482,0.7734,0.47275,1.37531,0.96354,0.98495,0.0012575,0.0012575,0.0012575
302,1184.19,1.43011,0.87346,1.01296,0.94241,0.71233,0.78091,0.41073,1.5731,1.01192,1.02731,0.00125503,0.00125503,0.00125503
303,1187.72,1.37264,0.80938,0.95523,0.94241,0.71233,0.78091,0.41073,1.5731,1.01192,1.02731,0.00125255,0.00125255,0.00125255
304,1191.3,1.41902,0.91119,0.99863,0.9469,0.71233,0.7942,0.42799,1.58354,0.9515,1.02496,0.00125008,0.00125008,0.00125008
305,1194.93,1.28683,0.81323,0.95798,0.93015,0.72972,0.79665,0.45911,1.47708,0.91895,1.01086,0.0012476,0.0012476,0.0012476
306,1198.48,1.34472,0.7952,0.97347,0.94621,0.72299,0.78997,0.46605,1.42444,0.91817,0.99971,0.00124513,0.00124513,0.00124513
307,1202.12,1.35239,0.83299,1.01207,0.91836,0.72603,0.76875,0.4543,1.48914,0.97982,1.01221,0.00124265,0.00124265,0.00124265
308,1205.68,1.2728,0.81443,0.95965,0.91836,0.72603,0.76875,0.4543,1.48914,0.97982,1.01221,0.00124018,0.00124018,0.00124018
309,1209.35,1.34462,0.80631,0.9701,0.85678,0.75342,0.77771,0.38599,1.7399,1.08086,1.07342,0.0012377,0.0012377,0.0012377
310,1212.88,1.35214,0.78899,0.97698,0.86644,0.72603,0.78067,0.36043,1.80185,1.07999,1.0918,0.00123522,0.00123522,0.00123522
311,1216.48,1.39353,0.87237,0.95932,0.95279,0.72603,0.78337,0.40249,1.61399,0.99154,1.04931,0.00123275,0.00123275,0.00123275
312,1220.11,1.35284,0.79279,0.96149,0.94294,0.72603,0.78123,0.44949,1.41446,0.95106,1.00396,0.00123028,0.00123028,0.00123028
313,1223.65,1.2845,0.73503,0.96703,0.94294,0.72603,0.78123,0.44949,1.41446,0.95106,1.00396,0.0012278,0.0012278,0.0012278
314,1227.32,1.31394,0.77796,0.94497,0.93142,0.74428,0.78322,0.46625,1.41714,0.94031,1.00551,0.00122532,0.00122532,0.00122532
315,1230.94,1.27976,0.78,0.96711,0.88722,0.76712,0.78522,0.45682,1.45486,0.91805,1.01083,0.00122285,0.00122285,0.00122285
316,1234.48,1.26104,0.83734,0.98316,0.88308,0.76712,0.79092,0.43883,1.51508,0.92104,1.02137,0.00122038,0.00122038,0.00122038
317,1238.13,1.2798,0.7596,0.98062,0.90257,0.76147,0.78988,0.44466,1.54101,0.93708,1.02037,0.0012179,0.0012179,0.0012179
318,1241.74,1.32802,0.81968,0.99528,0.90984,0.75342,0.79725,0.48587,1.41484,0.91568,0.99633,0.00121543,0.00121543,0.00121543
319,1245.26,1.35254,0.8519,0.92236,0.90984,0.75342,0.79725,0.48587,1.41484,0.91568,0.99633,0.00121295,0.00121295,0.00121295
320,1248.72,1.34244,0.78376,0.9423,0.88787,0.76712,0.79757,0.51218,1.27861,0.85836,0.97211,0.00121048,0.00121048,0.00121048
321,1252.32,1.43675,0.94552,1.13092,0.89802,0.75342,0.7878,0.51534,1.28138,0.85201,0.97422,0.001208,0.001208,0.001208
322,1255.86,1.35213,0.78041,0.9939,0.89667,0.68493,0.76548,0.49121,1.31916,0.94777,0.99107,0.00120553,0.00120553,0.00120553
323,1259.42,1.23667,0.88675,0.92386,0.8979,0.68493,0.76643,0.47861,1.43164,1.06393,1.01666,0.00120305,0.00120305,0.00120305
324,1263.25,1.38801,0.96806,0.99248,0.8979,0.68493,0.76643,0.47861,1.43164,1.06393,1.01666,0.00120057,0.00120057,0.00120057
325,1266.81,1.39406,0.79583,0.97376,0.94404,0.69335,0.78014,0.44382,1.55625,1.03865,1.02557,0.0011981,0.0011981,0.0011981
326,1270.29,1.28904,0.77599,0.98061,0.94629,0.69863,0.78003,0.46802,1.5036,0.95711,1.00333,0.00119562,0.00119562,0.00119562
327,1273.91,1.25893,0.84685,0.95877,0.91655,0.75342,0.77982,0.4757,1.4347,0.92106,0.99025,0.00119315,0.00119315,0.00119315
328,1277.53,1.29443,0.81131,0.95539,0.91608,0.74772,0.78623,0.49016,1.40089,0.90757,0.98678,0.00119068,0.00119068,0.00119068
329,1281.07,1.33691,0.81099,0.97659,0.91608,0.74772,0.78623,0.49016,1.40089,0.90757,0.98678,0.0011882,0.0011882,0.0011882
330,1284.7,1.36827,0.84818,0.95367,0.93334,0.73973,0.7904,0.48493,1.4084,0.89589,0.99911,0.00118572,0.00118572,0.00118572
331,1288.31,1.36719,0.83053,0.96011,0.96136,0.71233,0.79039,0.46218,1.49937,0.9287,1.02792,0.00118325,0.00118325,0.00118325
332,1291.85,1.29027,0.7821,0.95991,0.93381,0.71233,0.78488,0.46457,1.51777,0.9393,1.02949,0.00118078,0.00118078,0.00118078
333,1295.47,1.21976,0.8033,0.95008,0.92963,0.69863,0.77906,0.4592,1.51076,0.93171,1.03134,0.0011783,0.0011783,0.0011783
334,1298.92,1.2861,0.76893,0.94661,0.92659,0.69169,0.77328,0.43244,1.55432,0.95744,1.03961,0.00117582,0.00117582,0.00117582
335,1302.42,1.17761,0.6788,0.94191,0.92659,0.69169,0.77328,0.43244,1.55432,0.95744,1.03961,0.00117335,0.00117335,0.00117335
336,1305.92,1.3357,0.81117,0.93819,0.92631,0.68882,0.76054,0.45092,1.56716,0.98525,1.04093,0.00117088,0.00117088,0.00117088
337,1309.71,1.28704,0.78126,0.92688,0.93094,0.72603,0.77503,0.44677,1.53807,0.99241,1.03262,0.0011684,0.0011684,0.0011684
338,1313.27,1.32811,0.80571,1.01729,0.9576,0.72603,0.77819,0.48729,1.39959,0.95471,0.99207,0.00116592,0.00116592,0.00116592
339,1316.83,1.27627,0.74067,0.93902,0.89822,0.72538,0.77875,0.49128,1.39152,0.9405,0.98052,0.00116345,0.00116345,0.00116345
340,1320.57,1.28272,0.77693,0.97544,0.89822,0.72538,0.77875,0.49128,1.39152,0.9405,0.98052,0.00116097,0.00116097,0.00116097
341,1324.3,1.14294,0.70603,0.92136,0.94956,0.68493,0.77599,0.49333,1.37226,0.93779,0.97549,0.0011585,0.0011585,0.0011585
342,1327.81,1.30418,0.80891,0.9894,0.96895,0.68493,0.77709,0.48826,1.37241,0.93266,0.97713,0.00115603,0.00115603,0.00115603
343,1331.5,1.25383,0.71291,0.95951,0.98021,0.67868,0.78158,0.49378,1.37049,0.88708,0.98384,0.00115355,0.00115355,0.00115355
344,1335.26,1.24321,0.7215,0.94674,0.96749,0.71233,0.78281,0.48359,1.43024,0.90126,1.0068,0.00115108,0.00115108,0.00115108
345,1338.81,1.23682,0.72655,0.9555,0.96749,0.71233,0.78281,0.48359,1.43024,0.90126,1.0068,0.0011486,0.0011486,0.0011486
346,1342.28,1.25539,0.76234,0.96675,0.96484,0.75174,0.78642,0.46221,1.47306,0.90364,1.01396,0.00114613,0.00114613,0.00114613
347,1345.72,1.26258,0.75732,0.97847,0.91609,0.74786,0.79122,0.43787,1.48802,0.93642,1.02256,0.00114365,0.00114365,0.00114365
348,1349.27,1.35163,0.82074,1.01102,0.92929,0.75342,0.78678,0.42812,1.59143,0.96871,1.05035,0.00114117,0.00114117,0.00114117
349,1352.93,1.28422,0.76958,0.93456,0.9303,0.73142,0.78293,0.41177,1.66463,0.97481,1.05579,0.0011387,0.0011387,0.0011387
350,1356.46,1.24659,0.76718,0.96268,0.95778,0.72603,0.78211,0.42992,1.64429,0.99433,1.03606,0.00113623,0.00113623,0.00113623
351,1360,1.24833,0.73785,0.98769,0.95778,0.72603,0.78211,0.42992,1.64429,0.99433,1.03606,0.00113375,0.00113375,0.00113375
352,1365.1,1.34823,0.80485,1.05727,0.94324,0.72603,0.78315,0.48096,1.4721,0.93412,0.99967,0.00113128,0.00113128,0.00113128
353,1368.64,1.20908,0.71999,0.92295,0.96308,0.71476,0.78305,0.49283,1.42088,0.9255,0.98779,0.0011288,0.0011288,0.0011288
354,1372.28,1.21931,0.70299,0.92299,0.93232,0.73973,0.78941,0.51586,1.34814,0.91289,0.97689,0.00112633,0.00112633,0.00112633
355,1377.34,1.2677,0.76313,0.99682,0.9671,0.72603,0.78981,0.50312,1.4187,0.92343,0.99501,0.00112385,0.00112385,0.00112385
356,1381.06,1.32786,0.74658,0.92768,0.9671,0.72603,0.78981,0.50312,1.4187,0.92343,0.99501,0.00112137,0.00112137,0.00112137
357,1384.6,1.21211,0.70452,0.95207,0.97763,0.72603,0.79317,0.52019,1.40307,0.91952,0.98989,0.0011189,0.0011189,0.0011189
358,1389.5,1.15438,0.70412,0.95786,0.96709,0.72603,0.79317,0.52394,1.33238,0.88225,0.96971,0.00111643,0.00111643,0.00111643
359,1394.34,1.16223,0.7114,0.90766,0.96395,0.73262,0.78976,0.52044,1.2786,0.88186,0.95193,0.00111395,0.00111395,0.00111395
360,1397.81,1.25948,0.73625,0.95619,0.96427,0.73944,0.77141,0.50127,1.38495,0.93682,0.97201,0.00111148,0.00111148,0.00111148
361,1401.41,1.31849,0.76342,0.96297,0.96427,0.73944,0.77141,0.50127,1.38495,0.93682,0.97201,0.001109,0.001109,0.001109
362,1404.92,1.28446,0.69209,0.95424,0.94785,0.74704,0.77335,0.47541,1.50398,0.9568,1.00888,0.00110653,0.00110653,0.00110653
363,1408.36,1.20491,0.72273,0.94668,0.93186,0.71233,0.77384,0.47157,1.45591,0.92334,1.0057,0.00110405,0.00110405,0.00110405
364,1412.01,1.22348,0.69113,0.94587,0.84858,0.75342,0.76302,0.49908,1.34118,0.89092,0.97847,0.00110158,0.00110158,0.00110158
365,1415.61,1.2484,0.74181,0.97962,0.92976,0.72603,0.77691,0.50748,1.30182,0.83844,0.96469,0.0010991,0.0010991,0.0010991
366,1419.19,1.24918,0.69874,0.9597,0.95836,0.69863,0.77096,0.48775,1.39258,0.94869,0.98677,0.00109662,0.00109662,0.00109662
367,1422.89,1.32669,0.94677,0.93359,0.95836,0.69863,0.77096,0.48775,1.39258,0.94869,0.98677,0.00109415,0.00109415,0.00109415
368,1426.47,1.31105,0.74837,0.99603,0.96147,0.68364,0.77239,0.43925,1.58702,1.02274,1.02622,0.00109168,0.00109168,0.00109168
369,1430.03,1.23163,0.77668,0.8549,0.94569,0.7156,0.78878,0.43201,1.64527,1.01401,1.04561,0.0010892,0.0010892,0.0010892
370,1433.75,1.2965,0.77319,0.93067,0.95635,0.73973,0.78798,0.46061,1.47861,0.93982,1.00186,0.00108673,0.00108673,0.00108673
371,1437.2,1.23411,0.77935,0.97324,0.9404,0.73973,0.79479,0.52331,1.31409,0.88119,0.96644,0.00108425,0.00108425,0.00108425
372,1440.86,1.36255,0.81602,1.02108,0.9404,0.73973,0.79479,0.52331,1.31409,0.88119,0.96644,0.00108177,0.00108177,0.00108177
373,1444.63,1.296,0.82145,0.97625,0.92451,0.76712,0.79938,0.53831,1.25316,0.82455,0.95517,0.0010793,0.0010793,0.0010793
374,1449.69,1.34684,1.045,1.00829,0.93173,0.75342,0.79644,0.51655,1.28697,0.83262,0.96594,0.00107683,0.00107683,0.00107683
375,1453.28,1.16872,0.67902,0.96308,0.92175,0.75342,0.78688,0.5169,1.30819,0.87452,0.97236,0.00107435,0.00107435,0.00107435
376,1456.86,1.32813,0.89785,0.98749,0.92592,0.75342,0.78898,0.49061,1.37449,0.90642,0.99544,0.00107187,0.00107187,0.00107187
377,1460.4,1.30044,0.79201,0.9631,0.92592,0.75342,0.78898,0.49061,1.37449,0.90642,0.99544,0.0010694,0.0010694,0.0010694
378,1463.89,1.181,0.68545,0.92584,0.94762,0.74356,0.78587,0.46759,1.45899,0.91174,1.00795,0.00106693,0.00106693,0.00106693
379,1467.28,1.17002,0.7032,0.95745,0.89923,0.76712,0.77648,0.48193,1.35724,0.87289,0.98032,0.00106445,0.00106445,0.00106445
380,1470.85,1.26208,0.83982,0.9552,0.88854,0.72603,0.74804,0.47132,1.32689,0.8607,1.00279,0.00106197,0.00106197,0.00106197
381,1474.6,1.29299,0.73576,0.97383,0.86132,0.75342,0.75478,0.44634,1.48183,0.91069,1.05052,0.0010595,0.0010595,0.0010595
382,1478.06,1.30623,0.72773,1.00754,0.93019,0.73015,0.77834,0.40774,1.72026,0.99889,1.08954,0.00105702,0.00105702,0.00105702
383,1481.57,1.28611,0.74727,0.95241,0.93019,0.73015,0.77834,0.40774,1.72026,0.99889,1.08954,0.00105455,0.00105455,0.00105455
384,1485.22,1.3057,0.70921,0.96512,0.93116,0.75342,0.7668,0.39316,1.70794,0.99282,1.071,0.00105208,0.00105208,0.00105208
385,1488.79,1.26755,0.67288,0.9335,0.94765,0.7439,0.78226,0.43845,1.52096,0.96819,1.01082,0.0010496,0.0010496,0.0010496
386,1492.24,1.12736,0.6447,0.94162,0.93713,0.73973,0.78766,0.51225,1.34806,0.8934,0.97167,0.00104713,0.00104713,0.00104713
387,1495.84,1.32494,0.72719,0.96661,0.88915,0.76919,0.78984,0.50868,1.37448,0.87407,0.97757,0.00104465,0.00104465,0.00104465
388,1499.43,1.15479,0.6303,0.92421,0.88915,0.76919,0.78984,0.50868,1.37448,0.87407,0.97757,0.00104218,0.00104218,0.00104218
389,1502.98,1.2484,0.76413,0.97357,0.86125,0.78082,0.78872,0.49508,1.41354,0.88082,0.99105,0.0010397,0.0010397,0.0010397
390,1506.61,1.18672,0.69462,0.97569,0.94401,0.72603,0.79214,0.49636,1.36174,0.9183,0.97274,0.00103722,0.00103722,0.00103722
391,1510.19,1.21203,0.71367,0.93988,0.95587,0.72603,0.79288,0.51081,1.35049,0.90239,0.96988,0.00103475,0.00103475,0.00103475
392,1513.65,1.21529,0.69394,0.95915,0.95452,0.72603,0.79142,0.49007,1.38883,0.89411,0.97731,0.00103228,0.00103228,0.00103228
393,1517.23,1.17307,0.75395,0.97293,0.95452,0.72603,0.79142,0.49007,1.38883,0.89411,0.97731,0.0010298,0.0010298,0.0010298
394,1520.78,1.33198,0.74985,0.94265,0.96424,0.73887,0.79211,0.45958,1.5181,0.87521,1.00666,0.00102733,0.00102733,0.00102733
395,1524.35,1.23896,0.69866,0.9514,0.93586,0.72603,0.7902,0.46043,1.51533,0.86954,1.00456,0.00102485,0.00102485,0.00102485
396,1527.75,1.22,0.69505,0.92898,0.92311,0.72603,0.78367,0.4838,1.37672,0.85678,0.97321,0.00102238,0.00102238,0.00102238
397,1531.42,1.16904,0.67427,0.91775,0.92764,0.70252,0.77775,0.49162,1.32504,0.86729,0.96992,0.0010199,0.0010199,0.0010199
398,1535.15,1.32594,0.76528,0.99088,0.89743,0.73973,0.77129,0.48689,1.41063,0.89805,0.99576,0.00101742,0.00101742,0.00101742
399,1538.62,1.31069,0.73324,0.96124,0.89743,0.73973,0.77129,0.48689,1.41063,0.89805,0.99576,0.00101495,0.00101495,0.00101495
400,1542.35,1.27713,0.76872,0.9493,0.91277,0.71675,0.77222,0.48063,1.49994,0.92922,1.01785,0.00101247,0.00101247,0.00101247
401,1546.02,1.18921,0.71118,0.98885,0.89333,0.73973,0.77747,0.47254,1.5486,0.90347,1.02517,0.00101,0.00101,0.00101
402,1551.09,1.28021,0.76888,0.96984,0.93842,0.73973,0.7928,0.50023,1.42522,0.82228,0.98796,0.00100753,0.00100753,0.00100753
403,1554.6,1.20977,0.723,0.93907,0.93881,0.73973,0.79936,0.51386,1.30167,0.82268,0.95568,0.00100505,0.00100505,0.00100505
404,1558.14,1.22483,0.71366,0.94913,0.93881,0.73973,0.79936,0.51386,1.30167,0.82268,0.95568,0.00100257,0.00100257,0.00100257
405,1561.82,1.19616,0.7016,0.9761,0.93172,0.74781,0.80287,0.53372,1.27042,0.82332,0.94422,0.0010001,0.0010001,0.0010001
406,1565.44,1.27045,0.74148,0.96644,0.88803,0.78082,0.80425,0.53722,1.30409,0.84369,0.94837,0.000997625,0.000997625,0.000997625
407,1568.97,1.24796,0.67007,0.96334,0.90318,0.78082,0.80152,0.52284,1.33274,0.86052,0.95619,0.00099515,0.00099515,0.00099515
408,1572.62,1.20595,0.67594,0.93609,0.899,0.78082,0.80169,0.54541,1.25567,0.82099,0.9433,0.000992675,0.000992675,0.000992675
409,1577.58,1.17358,0.69355,0.9288,0.899,0.78082,0.80169,0.54541,1.25567,0.82099,0.9433,0.0009902,0.0009902,0.0009902
410,1582.65,1.13928,0.63535,0.93555,0.90445,0.78082,0.79872,0.54028,1.24724,0.82394,0.93839,0.000987725,0.000987725,0.000987725
411,1586.2,1.15347,0.7371,0.99408,0.90233,0.78082,0.7984,0.51927,1.29391,0.82546,0.9467,0.00098525,0.00098525,0.00098525
412,1590.01,1.19674,0.66211,0.94887,0.91773,0.76405,0.79722,0.50846,1.28791,0.83101,0.93749,0.000982775,0.000982775,0.000982775
413,1593.55,1.27282,0.72539,0.97979,0.9148,0.75342,0.79114,0.51517,1.27388,0.85836,0.93996,0.0009803,0.0009803,0.0009803
414,1597.12,1.11166,0.65946,0.93568,0.91483,0.75342,0.7898,0.52182,1.28453,0.84457,0.9555,0.000977825,0.000977825,0.000977825
415,1600.75,1.16184,0.67159,0.92634,0.91483,0.75342,0.7898,0.52182,1.28453,0.84457,0.9555,0.00097535,0.00097535,0.00097535
416,1604.39,1.14056,0.64726,0.93103,0.93298,0.76282,0.78666,0.49012,1.40997,0.89844,0.99059,0.000972875,0.000972875,0.000972875
417,1607.83,1.26202,0.70706,0.96765,0.91575,0.75342,0.78821,0.4796,1.46364,0.91361,1.00619,0.0009704,0.0009704,0.0009704
418,1611.39,1.19956,0.65184,0.95037,0.89165,0.76712,0.78732,0.5208,1.29518,0.86249,0.95946,0.000967925,0.000967925,0.000967925
419,1615.01,1.1402,0.64483,0.91642,0.86732,0.76712,0.78481,0.52831,1.21113,0.85609,0.94021,0.00096545,0.00096545,0.00096545
420,1618.54,1.16347,0.699,0.94508,0.86732,0.76712,0.78481,0.52831,1.21113,0.85609,0.94021,0.000962975,0.000962975,0.000962975
421,1622.07,1.15431,0.65766,0.93925,0.88841,0.76712,0.78471,0.52787,1.23247,0.88219,0.94553,0.0009605,0.0009605,0.0009605
422,1625.7,1.13654,0.70917,0.94211,0.93286,0.76133,0.79278,0.52868,1.30559,0.87854,0.95741,0.000958025,0.000958025,0.000958025
423,1629.11,1.15553,0.65434,0.93127,0.95751,0.76712,0.79768,0.51817,1.34218,0.84657,0.96944,0.00095555,0.00095555,0.00095555
424,1632.55,1.20473,0.66854,0.96557,0.91605,0.78082,0.80465,0.52711,1.30187,0.81541,0.9627,0.000953075,0.000953075,0.000953075
425,1636.34,1.17251,0.66277,0.94307,0.91605,0.78082,0.80465,0.52711,1.30187,0.81541,0.9627,0.0009506,0.0009506,0.0009506
426,1639.88,1.21863,0.70625,0.92817,0.92475,0.75342,0.8006,0.54188,1.26206,0.77476,0.95719,0.000948125,0.000948125,0.000948125
427,1643.32,1.16138,0.70518,0.96934,0.93034,0.76712,0.79175,0.53463,1.24069,0.7966,0.94679,0.00094565,0.00094565,0.00094565
428,1646.97,1.2233,0.70483,0.97727,0.96288,0.71068,0.78474,0.53308,1.26637,0.83289,0.94301,0.000943175,0.000943175,0.000943175
429,1650.5,1.14186,0.63037,0.94592,0.90114,0.75342,0.78733,0.51888,1.29994,0.85077,0.94753,0.0009407,0.0009407,0.0009407
430,1653.96,1.10584,0.61466,0.91373,0.91205,0.75342,0.78673,0.51358,1.30473,0.839,0.94699,0.000938225,0.000938225,0.000938225
431,1657.6,1.07999,0.62186,0.89621,0.91205,0.75342,0.78673,0.51358,1.30473,0.839,0.94699,0.00093575,0.00093575,0.00093575
432,1661.18,1.15733,0.64151,0.96544,0.91756,0.75342,0.78583,0.51858,1.32821,0.83773,0.95156,0.000933275,0.000933275,0.000933275
433,1664.77,1.18032,0.72555,1.00498,0.92597,0.75342,0.79571,0.48196,1.46746,0.87807,0.98278,0.0009308,0.0009308,0.0009308
434,1668.38,1.12145,0.607,0.94703,0.94416,0.75342,0.80229,0.48648,1.52806,0.90604,1.00172,0.000928325,0.000928325,0.000928325
435,1671.95,1.16002,0.63455,0.89661,0.88826,0.78082,0.8002,0.50439,1.42545,0.85601,0.98272,0.00092585,0.00092585,0.00092585
436,1675.47,1.17387,0.70415,0.9174,0.88826,0.78082,0.8002,0.50439,1.42545,0.85601,0.98272,0.000923375,0.000923375,0.000923375
437,1679.15,1.17258,0.66184,0.93462,0.94646,0.7265,0.79406,0.52494,1.30876,0.81704,0.96129,0.0009209,0.0009209,0.0009209
438,1682.78,1.14897,0.6362,0.90892,0.94781,0.73973,0.78947,0.51747,1.29018,0.82112,0.96003,0.000918425,0.000918425,0.000918425
439,1686.36,1.10574,0.61681,0.93584,0.94803,0.74969,0.78322,0.52002,1.32513,0.82846,0.95592,0.00091595,0.00091595,0.00091595
440,1689.99,1.11342,0.60805,0.92275,0.93194,0.75039,0.78088,0.50119,1.33496,0.82989,0.95338,0.000913475,0.000913475,0.000913475
441,1693.55,1.26843,0.68697,0.91966,0.93194,0.75039,0.78088,0.50119,1.33496,0.82989,0.95338,0.000911,0.000911,0.000911
442,1697.1,1.2802,0.80104,0.94672,0.90216,0.75342,0.78374,0.51208,1.26814,0.82203,0.93849,0.000908525,0.000908525,0.000908525
443,1700.58,1.1115,0.60308,0.92312,0.91764,0.76315,0.78835,0.52027,1.23677,0.8151,0.93614,0.00090605,0.00090605,0.00090605
444,1704.17,1.13043,0.63464,0.9024,0.9141,0.76712,0.79347,0.50708,1.32587,0.84737,0.96109,0.000903575,0.000903575,0.000903575
445,1707.77,1.11195,0.62242,0.93278,0.91792,0.76712,0.79036,0.48404,1.44296,0.89219,0.98801,0.0009011,0.0009011,0.0009011
446,1711.35,1.18087,0.63893,0.91561,0.96014,0.72603,0.79323,0.47314,1.40919,0.82607,0.97981,0.000898625,0.000898625,0.000898625
447,1714.97,1.06594,0.62964,0.93869,0.96014,0.72603,0.79323,0.47314,1.40919,0.82607,0.97981,0.00089615,0.00089615,0.00089615
448,1718.54,1.08336,0.62543,0.88555,0.94999,0.72603,0.79349,0.49745,1.34635,0.8059,0.96469,0.000893675,0.000893675,0.000893675
449,1722.12,1.15459,0.66469,0.94946,0.91519,0.73973,0.78724,0.51035,1.29403,0.79919,0.95088,0.0008912,0.0008912,0.0008912
450,1725.75,1.20141,0.66166,0.92803,0.91516,0.73886,0.78482,0.51234,1.31345,0.81926,0.95523,0.000888725,0.000888725,0.000888725
451,1729.28,1.19201,0.77135,0.94674,0.91005,0.73973,0.78489,0.49951,1.37394,0.86142,0.97256,0.00088625,0.00088625,0.00088625
452,1734.39,1.12381,0.61199,0.94873,0.91005,0.73973,0.78489,0.49951,1.37394,0.86142,0.97256,0.000883775,0.000883775,0.000883775
453,1738.16,1.22561,0.69015,0.93953,0.93102,0.73955,0.7949,0.48015,1.4826,0.8831,0.99582,0.0008813,0.0008813,0.0008813
454,1741.75,1.19337,0.67491,0.91297,0.91626,0.74945,0.80201,0.4911,1.44877,0.84396,0.9898,0.000878825,0.000878825,0.000878825
455,1745.37,1.10797,0.63475,0.92776,0.9473,0.73876,0.79883,0.52458,1.33061,0.77362,0.95673,0.00087635,0.00087635,0.00087635
456,1748.95,1.07329,0.91968,0.90653,0.94403,0.73973,0.80697,0.52756,1.34018,0.79266,0.95111,0.000873875,0.000873875,0.000873875
457,1752.55,1.16051,0.6231,0.92598,0.94403,0.73973,0.80697,0.52756,1.34018,0.79266,0.95111,0.0008714,0.0008714,0.0008714
458,1756.25,1.30636,0.71563,0.91004,0.96451,0.74469,0.81118,0.50576,1.39366,0.82829,0.96311,0.000868925,0.000868925,0.000868925
459,1759.86,1.33693,1.08249,0.97244,0.9395,0.73973,0.81315,0.50939,1.35772,0.83878,0.95394,0.00086645,0.00086645,0.00086645
460,1763.58,1.17506,0.65969,0.93567,0.92205,0.75342,0.81456,0.54521,1.26259,0.82938,0.93636,0.000863975,0.000863975,0.000863975
461,1768.61,1.19008,0.73463,0.92992,0.96529,0.76197,0.8146,0.55115,1.19125,0.81497,0.92151,0.0008615,0.0008615,0.0008615
462,1773.62,1.15799,0.73265,0.9316,0.96128,0.76712,0.8109,0.55451,1.18767,0.80538,0.92275,0.000859025,0.000859025,0.000859025
463,1779.37,1.18854,0.68256,0.91002,0.96128,0.76712,0.8109,0.55451,1.18767,0.80538,0.92275,0.00085655,0.00085655,0.00085655
464,1787.03,1.19094,0.6616,0.90614,0.96541,0.76475,0.80746,0.53505,1.23219,0.82852,0.93341,0.000854075,0.000854075,0.000854075
465,1792.15,1.10143,0.64634,0.92673,0.96486,0.75235,0.80292,0.5285,1.28228,0.81041,0.94701,0.0008516,0.0008516,0.0008516
466,1795.76,1.08823,0.58948,0.91656,0.90071,0.74562,0.79539,0.5093,1.37647,0.84521,0.97265,0.000849125,0.000849125,0.000849125
467,1799.36,1.0539,0.61102,0.91103,0.88377,0.75342,0.78894,0.48988,1.44962,0.87022,0.98788,0.00084665,0.00084665,0.00084665
468,1802.93,1.113,0.63014,0.9168,0.88377,0.75342,0.78894,0.48988,1.44962,0.87022,0.98788,0.000844175,0.000844175,0.000844175
469,1806.47,1.08962,0.63478,0.91629,0.91969,0.73973,0.79088,0.48172,1.47178,0.86487,0.99232,0.0008417,0.0008417,0.0008417
470,1810.15,1.08085,0.5865,0.89192,0.9173,0.73973,0.79581,0.51419,1.34136,0.8245,0.96154,0.000839225,0.000839225,0.000839225
471,1813.77,1.15445,0.60048,0.92345,0.91347,0.76712,0.79747,0.52901,1.29374,0.82312,0.95007,0.00083675,0.00083675,0.00083675
472,1817.33,1.14925,0.61084,0.92436,0.93184,0.74919,0.80259,0.51203,1.32737,0.80676,0.96028,0.000834275,0.000834275,0.000834275
473,1821.06,1.15245,0.6818,0.93052,0.93184,0.74919,0.80259,0.51203,1.32737,0.80676,0.96028,0.0008318,0.0008318,0.0008318
474,1824.57,1.17146,0.7582,0.94126,0.90439,0.77754,0.80036,0.49018,1.42461,0.82486,0.98404,0.000829325,0.000829325,0.000829325
475,1828.12,1.14963,0.64639,0.90565,0.92836,0.76712,0.80583,0.49697,1.44076,0.81696,0.98946,0.00082685,0.00082685,0.00082685
476,1831.75,1.09114,0.653,0.90637,0.94838,0.75504,0.80554,0.52647,1.33832,0.77918,0.96743,0.000824375,0.000824375,0.000824375
477,1835.3,1.12484,0.65035,0.95083,0.94787,0.76712,0.81523,0.55092,1.22424,0.75696,0.94465,0.0008219,0.0008219,0.0008219
478,1838.94,1.18143,0.64722,0.9359,0.94543,0.75342,0.81309,0.5652,1.16693,0.74631,0.9304,0.000819425,0.000819425,0.000819425
479,1843.95,1.05125,0.68024,0.85822,0.94543,0.75342,0.81309,0.5652,1.16693,0.74631,0.9304,0.00081695,0.00081695,0.00081695
480,1848.96,1.23016,0.66682,0.90005,0.91544,0.76712,0.8069,0.55124,1.22753,0.78969,0.94693,0.000814475,0.000814475,0.000814475
481,1852.52,1.11091,0.60065,0.91309,0.93352,0.73973,0.80522,0.53721,1.30679,0.81601,0.96283,0.000812,0.000812,0.000812
482,1856.05,1.11276,0.63463,0.92232,0.91558,0.74284,0.80485,0.53515,1.28064,0.78198,0.95303,0.000809525,0.000809525,0.000809525
483,1859.67,1.04507,0.61356,0.89458,0.94501,0.72603,0.80459,0.54277,1.2235,0.75996,0.93237,0.00080705,0.00080705,0.00080705
484,1863.27,1.12798,0.59138,0.89754,0.94501,0.72603,0.80459,0.54277,1.2235,0.75996,0.93237,0.000804575,0.000804575,0.000804575
485,1866.76,1.09897,0.61865,0.90316,0.93388,0.72603,0.79874,0.5548,1.19861,0.7757,0.92125,0.0008021,0.0008021,0.0008021
486,1870.44,1.03671,0.62844,0.91954,0.92826,0.72603,0.80146,0.52605,1.30611,0.82088,0.93713,0.000799625,0.000799625,0.000799625
487,1874.11,1.15532,0.58816,0.92406,0.9607,0.72603,0.80439,0.5213,1.32155,0.82052,0.93402,0.00079715,0.00079715,0.00079715
488,1877.72,1.06723,0.58945,0.88784,0.97301,0.72603,0.80898,0.55149,1.21948,0.7757,0.91657,0.000794675,0.000794675,0.000794675
489,1881.33,1.05267,0.58565,0.89058,0.97301,0.72603,0.80898,0.55149,1.21948,0.7757,0.91657,0.0007922,0.0007922,0.0007922
490,1885.03,1.15024,0.61244,0.92108,0.94657,0.71233,0.80764,0.56161,1.19014,0.74814,0.917,0.000789725,0.000789725,0.000789725
491,1888.53,1.0815,0.61477,0.91863,0.9465,0.72703,0.80502,0.53635,1.28366,0.77369,0.93657,0.00078725,0.00078725,0.00078725
492,1892.15,1.30222,0.68935,0.94101,0.90741,0.75342,0.79527,0.49595,1.40166,0.81748,0.96358,0.000784775,0.000784775,0.000784775
493,1895.73,1.10329,0.58355,0.88887,0.98132,0.71975,0.79672,0.49354,1.39254,0.81382,0.95771,0.0007823,0.0007823,0.0007823
494,1899.35,1.08459,0.59099,0.90831,0.93162,0.75342,0.80204,0.5286,1.25411,0.75875,0.92795,0.000779825,0.000779825,0.000779825
495,1902.93,1.08704,0.586,0.90452,0.93162,0.75342,0.80204,0.5286,1.25411,0.75875,0.92795,0.00077735,0.00077735,0.00077735
496,1906.46,1.13122,0.62787,0.88218,0.90951,0.75342,0.80313,0.54106,1.20333,0.76796,0.91993,0.000774875,0.000774875,0.000774875
497,1910.11,1.09644,0.59503,0.93726,0.90199,0.75342,0.80619,0.53435,1.28118,0.79116,0.94111,0.0007724,0.0007724,0.0007724
498,1913.63,1.08839,0.61928,0.89961,0.93308,0.7641,0.79551,0.49557,1.44852,0.82397,0.97735,0.000769925,0.000769925,0.000769925
499,1917.29,1.14089,0.65585,0.97601,0.91124,0.78082,0.80614,0.49281,1.49534,0.83368,0.99897,0.00076745,0.00076745,0.00076745
500,1921.33,1.13994,0.61144,0.91567,0.91124,0.78082,0.80614,0.49281,1.49534,0.83368,0.99897,0.000764975,0.000764975,0.000764975
501,1926.93,1.17873,0.68482,0.92765,0.90302,0.78082,0.80539,0.50971,1.3841,0.80133,0.9758,0.0007625,0.0007625,0.0007625
502,1932.09,1.08993,0.63246,0.90874,0.94055,0.76712,0.80051,0.52984,1.24202,0.77567,0.94167,0.000760025,0.000760025,0.000760025
503,1935.71,1.06151,0.56446,0.91827,0.93179,0.74861,0.79201,0.55719,1.13228,0.77405,0.91647,0.00075755,0.00075755,0.00075755
504,1939.31,1.18989,0.65865,0.90278,0.91369,0.75342,0.788,0.54846,1.1334,0.78726,0.91475,0.000755075,0.000755075,0.000755075
505,1942.85,1.12464,0.61729,0.92266,0.91369,0.75342,0.788,0.54846,1.1334,0.78726,0.91475,0.0007526,0.0007526,0.0007526
506,1946.51,1.08634,0.61267,0.92833,0.90461,0.75342,0.79402,0.52676,1.19886,0.80216,0.92769,0.000750125,0.000750125,0.000750125
507,1950.24,1.14147,0.56355,0.87821,0.91857,0.77273,0.80221,0.52002,1.25086,0.78639,0.93744,0.00074765,0.00074765,0.00074765
508,1953.71,1.11524,0.67297,0.91758,0.93292,0.76211,0.8051,0.5465,1.23677,0.75926,0.94132,0.000745175,0.000745175,0.000745175
509,1957.27,1.1267,0.62874,0.92503,0.97662,0.72603,0.80711,0.54613,1.20754,0.76218,0.93489,0.0007427,0.0007427,0.0007427
510,1961.06,1.08355,0.63644,0.90014,0.87641,0.77715,0.8007,0.54382,1.19449,0.76792,0.93217,0.000740225,0.000740225,0.000740225
511,1966.07,1.111,0.62139,0.94289,0.87641,0.77715,0.8007,0.54382,1.19449,0.76792,0.93217,0.00073775,0.00073775,0.00073775
512,1969.54,1.12295,0.6215,0.93111,0.90636,0.73973,0.79279,0.53886,1.18733,0.77913,0.92533,0.000735275,0.000735275,0.000735275
513,1973.2,1.11775,0.59806,0.90883,0.92666,0.75342,0.78835,0.53227,1.18576,0.81782,0.92645,0.0007328,0.0007328,0.0007328
514,1976.84,1.10588,0.61396,0.93181,0.91997,0.73973,0.78569,0.51545,1.23395,0.83223,0.93323,0.000730325,0.000730325,0.000730325
515,1981.92,1.15696,0.59952,0.91865,0.92722,0.73973,0.78525,0.49448,1.32351,0.86508,0.95142,0.00072785,0.00072785,0.00072785
516,1985.6,1.15171,0.64397,0.94734,0.92722,0.73973,0.78525,0.49448,1.32351,0.86508,0.95142,0.000725375,0.000725375,0.000725375
517,1989.11,1.15191,0.63451,0.96217,0.90934,0.75342,0.79649,0.48389,1.38231,0.85132,0.9668,0.0007229,0.0007229,0.0007229
518,1993.11,1.10795,0.62329,0.92168,0.92838,0.75342,0.80224,0.5144,1.31437,0.79538,0.95116,0.000720425,0.000720425,0.000720425
519,1996.92,1.12531,0.59973,0.91971,0.88593,0.78082,0.80414,0.51971,1.27517,0.7665,0.94515,0.00071795,0.00071795,0.00071795
520,2000.49,1.04044,0.56218,0.89213,0.87203,0.78082,0.80602,0.52237,1.28049,0.78213,0.95033,0.000715475,0.000715475,0.000715475
521,2004.03,1.11282,0.60558,0.92773,0.87203,0.78082,0.80602,0.52237,1.28049,0.78213,0.95033,0.000713,0.000713,0.000713
522,2007.68,1.11729,0.62748,0.90983,0.87649,0.78082,0.80952,0.52886,1.36395,0.79896,0.96784,0.000710525,0.000710525,0.000710525
523,2011.25,1.1569,0.61887,0.92285,0.88934,0.77065,0.80934,0.50876,1.42941,0.80671,0.98313,0.00070805,0.00070805,0.00070805
524,2014.69,1.14092,0.64516,0.92946,0.93119,0.74155,0.81005,0.50877,1.45202,0.80261,0.98858,0.000705575,0.000705575,0.000705575
525,2018.38,1.05585,0.62252,0.92168,0.93772,0.75342,0.81652,0.51892,1.40787,0.80861,0.97477,0.0007031,0.0007031,0.0007031
526,2022.5,1.06495,0.56001,0.87672,0.93617,0.73973,0.81766,0.54182,1.28815,0.76368,0.95747,0.000700625,0.000700625,0.000700625
527,2026.06,1.08796,0.59341,0.88471,0.93617,0.73973,0.81766,0.54182,1.28815,0.76368,0.95747,0.00069815,0.00069815,0.00069815
528,2029.67,1.15263,0.62149,0.96899,0.9313,0.74284,0.81242,0.53441,1.25138,0.76551,0.95129,0.000695675,0.000695675,0.000695675
529,2033.25,1.11314,0.63563,0.91481,0.91816,0.76845,0.81179,0.53088,1.27148,0.76764,0.94314,0.0006932,0.0006932,0.0006932
530,2036.81,1.01688,0.5573,0.8898,0.93322,0.75342,0.80253,0.52375,1.30364,0.80651,0.94717,0.000690725,0.000690725,0.000690725
531,2040.77,1.03224,0.59544,0.93519,0.94773,0.74518,0.79727,0.50408,1.33606,0.82447,0.9519,0.00068825,0.00068825,0.00068825
532,2044.48,1.13475,0.71403,0.94661,0.94773,0.74518,0.79727,0.50408,1.33606,0.82447,0.9519,0.000685775,0.000685775,0.000685775
533,2048.1,1.13307,0.63693,0.91579,0.94637,0.72603,0.79717,0.51417,1.25968,0.81741,0.94038,0.0006833,0.0006833,0.0006833
534,2051.81,1.08726,0.60257,0.92336,0.88736,0.75547,0.78974,0.53585,1.16678,0.79183,0.92255,0.000680825,0.000680825,0.000680825
535,2055.43,1.10106,0.60767,0.93257,0.90229,0.75901,0.79225,0.55638,1.11583,0.79832,0.91418,0.00067835,0.00067835,0.00067835
536,2058.94,1.01731,0.59217,0.90875,0.91327,0.76712,0.79391,0.55291,1.13262,0.79076,0.91568,0.000675875,0.000675875,0.000675875
537,2062.71,1.08075,0.59376,0.8966,0.91327,0.76712,0.79391,0.55291,1.13262,0.79076,0.91568,0.0006734,0.0006734,0.0006734
538,2066.27,1.14008,0.61298,0.90842,0.90786,0.75342,0.80069,0.53529,1.25057,0.79949,0.93646,0.000670925,0.000670925,0.000670925
539,2069.81,1.02853,0.58364,0.92658,0.94646,0.76712,0.80138,0.48904,1.44049,0.85214,0.97561,0.00066845,0.00066845,0.00066845
540,2073.43,1.09526,0.59007,0.8948,0.94777,0.75342,0.80355,0.48113,1.54392,0.87825,0.99801,0.000665975,0.000665975,0.000665975
541,2077,1.19941,0.81186,0.95678,0.97229,0.72603,0.80047,0.5044,1.41335,0.83477,0.96418,0.0006635,0.0006635,0.0006635
542,2080.56,1.04544,0.57815,0.91393,0.95951,0.72603,0.80517,0.5343,1.23561,0.76934,0.93111,0.000661025,0.000661025,0.000661025
543,2084.19,1.22125,0.63171,0.95703,0.95951,0.72603,0.80517,0.5343,1.23561,0.76934,0.93111,0.00065855,0.00065855,0.00065855
544,2087.82,1.08426,0.6403,0.90569,0.98168,0.734,0.81838,0.57017,1.14738,0.73944,0.91252,0.000656075,0.000656075,0.000656075
545,2092.91,1.09809,0.6143,0.92833,0.93216,0.75292,0.82579,0.55922,1.15601,0.7173,0.9176,0.0006536,0.0006536,0.0006536
546,2096.52,1.16362,0.66107,0.95384,0.96484,0.75187,0.82638,0.53113,1.28612,0.73958,0.93835,0.000651125,0.000651125,0.000651125
547,2100.26,1.14063,0.61131,0.9417,0.94451,0.76712,0.82311,0.50217,1.41995,0.81398,0.97587,0.00064865,0.00064865,0.00064865
548,2103.84,1.13435,0.60356,0.92371,0.94451,0.76712,0.82311,0.50217,1.41995,0.81398,0.97587,0.000646175,0.000646175,0.000646175
549,2107.44,1.10432,0.62304,0.91897,0.92897,0.76712,0.81612,0.51415,1.38519,0.79653,0.962,0.0006437,0.0006437,0.0006437
550,2110.97,1.07857,0.63564,0.92707,0.93304,0.76362,0.80299,0.53013,1.22523,0.75465,0.93472,0.000641225,0.000641225,0.000641225
551,2114.45,1.05048,0.56463,0.89164,0.91756,0.76237,0.79884,0.55582,1.08408,0.73461,0.91383,0.00063875,0.00063875,0.00063875
552,2119.46,1.14101,0.60952,0.93209,0.91614,0.74836,0.79527,0.55159,1.05408,0.72133,0.90802,0.000636275,0.000636275,0.000636275
553,2123.04,1.09556,0.62513,0.92373,0.91614,0.74836,0.79527,0.55159,1.05408,0.72133,0.90802,0.0006338,0.0006338,0.0006338
554,2126.61,1.05123,0.56781,0.87495,0.9095,0.73973,0.79213,0.53963,1.08953,0.72909,0.91261,0.000631325,0.000631325,0.000631325
555,2130.15,1.09303,0.61414,0.89822,0.92705,0.72603,0.79208,0.5442,1.17349,0.75992,0.92459,0.00062885,0.00062885,0.00062885
556,2133.65,1.06115,0.5739,0.87314,0.88999,0.75342,0.79122,0.53613,1.24937,0.78195,0.93696,0.000626375,0.000626375,0.000626375
557,2137.36,1.00521,0.5518,0.91312,0.91688,0.73973,0.79332,0.53179,1.23727,0.78767,0.93309,0.0006239,0.0006239,0.0006239
558,2140.96,1.0139,0.56975,0.91699,0.9635,0.72328,0.79181,0.53312,1.19752,0.77059,0.9242,0.000621425,0.000621425,0.000621425
559,2144.44,1.01533,0.55024,0.8772,0.9635,0.72328,0.79181,0.53312,1.19752,0.77059,0.9242,0.00061895,0.00061895,0.00061895
560,2148.06,1.03399,0.57539,0.89746,0.9636,0.72527,0.78996,0.53795,1.18755,0.78701,0.92427,0.000616475,0.000616475,0.000616475
561,2151.63,1.00496,0.56732,0.89435,0.94627,0.72385,0.79408,0.52999,1.18681,0.80099,0.91832,0.000614,0.000614,0.000614
562,2155.21,1.00263,0.57489,0.88878,0.93528,0.72603,0.80126,0.52791,1.21672,0.78801,0.92537,0.000611525,0.000611525,0.000611525
563,2158.84,0.99247,0.57929,0.90083,0.92147,0.75342,0.80563,0.51397,1.28628,0.82624,0.94163,0.00060905,0.00060905,0.00060905
564,2162.43,0.9772,0.54478,0.91422,0.92147,0.75342,0.80563,0.51397,1.28628,0.82624,0.94163,0.000606575,0.000606575,0.000606575
565,2166.02,1.04117,0.58709,0.96788,0.93163,0.73973,0.80294,0.50856,1.33407,0.81821,0.94848,0.0006041,0.0006041,0.0006041
566,2169.65,1.04211,0.55819,0.87816,0.93519,0.73973,0.8044,0.50853,1.33522,0.79897,0.94746,0.000601625,0.000601625,0.000601625
567,2173.25,1.05435,0.56949,0.89497,0.947,0.7343,0.81866,0.53946,1.22627,0.76422,0.92914,0.00059915,0.00059915,0.00059915
568,2176.83,1.08805,0.62277,0.9057,0.94584,0.72603,0.81765,0.53504,1.16005,0.7443,0.918,0.000596675,0.000596675,0.000596675
569,2180.43,1.11268,0.62945,0.91093,0.94584,0.72603,0.81765,0.53504,1.16005,0.7443,0.918,0.0005942,0.0005942,0.0005942
570,2184.04,1.11894,0.60665,0.91142,0.92904,0.71747,0.81565,0.54667,1.12912,0.73073,0.9143,0.000591725,0.000591725,0.000591725
571,2187.62,1.03813,0.59076,0.86848,0.90991,0.73973,0.81097,0.54907,1.16935,0.74335,0.92435,0.00058925,0.00058925,0.00058925
572,2191.39,1.07053,0.59211,0.97109,0.89018,0.76712,0.81235,0.53368,1.29016,0.76448,0.94141,0.000586775,0.000586775,0.000586775
573,2194.91,1.10321,0.60785,0.91252,0.91712,0.75793,0.81207,0.52542,1.33632,0.78724,0.94802,0.0005843,0.0005843,0.0005843
574,2198.62,1.01825,0.55311,0.89028,0.91427,0.75342,0.81097,0.55035,1.22271,0.76075,0.92659,0.000581825,0.000581825,0.000581825
575,2202.32,1.07695,0.56828,0.90293,0.91427,0.75342,0.81097,0.55035,1.22271,0.76075,0.92659,0.00057935,0.00057935,0.00057935
576,2205.81,1.02034,0.57032,0.93615,0.91491,0.73973,0.80996,0.5675,1.09077,0.70648,0.90433,0.000576875,0.000576875,0.000576875
577,2209.31,1.00633,0.54899,0.93212,0.91562,0.73973,0.81014,0.58121,1.06281,0.69762,0.90078,0.0005744,0.0005744,0.0005744
578,2214.44,1.02494,0.57473,0.92189,0.92015,0.73973,0.80996,0.57551,1.08852,0.7157,0.90935,0.000571925,0.000571925,0.000571925
579,2218.04,1.02725,0.55983,0.90494,0.92168,0.73973,0.8083,0.55886,1.14004,0.74265,0.91706,0.00056945,0.00056945,0.00056945
580,2221.74,0.99362,0.52475,0.88922,0.92168,0.73973,0.8083,0.55886,1.14004,0.74265,0.91706,0.000566975,0.000566975,0.000566975
581,2225.31,1.01373,0.55767,0.85341,0.91519,0.73973,0.8065,0.54672,1.19149,0.75286,0.92536,0.0005645,0.0005645,0.0005645
582,2229.02,1.07742,0.54532,0.88968,0.91295,0.75342,0.80208,0.54131,1.18309,0.76263,0.92031,0.000562025,0.000562025,0.000562025
583,2232.66,1.07638,0.55558,0.9002,0.91176,0.75342,0.80295,0.55732,1.14022,0.76019,0.91564,0.00055955,0.00055955,0.00055955
584,2236.2,0.98795,0.55174,0.9177,0.91306,0.75342,0.80591,0.55915,1.12101,0.75039,0.90959,0.000557075,0.000557075,0.000557075
585,2239.76,1.03011,0.60471,0.88851,0.91306,0.75342,0.80591,0.55915,1.12101,0.75039,0.90959,0.0005546,0.0005546,0.0005546
586,2243.56,1.06767,0.56463,0.93485,0.92459,0.75342,0.80069,0.55451,1.11355,0.75465,0.90998,0.000552125,0.000552125,0.000552125
587,2247.41,1.20105,0.68456,0.93123,0.89804,0.76712,0.79531,0.54084,1.1448,0.77889,0.91752,0.00054965,0.00054965,0.00054965
588,2251,1.02231,0.59286,0.88991,0.90087,0.747,0.7984,0.52997,1.20192,0.80206,0.92634,0.000547175,0.000547175,0.000547175
589,2254.76,1.02902,0.5812,0.88602,0.89938,0.73469,0.80044,0.51469,1.24433,0.83198,0.93429,0.0005447,0.0005447,0.0005447
590,2258.78,1.01819,0.59099,0.90663,0.94839,0.69863,0.78898,0.50316,1.28672,0.84593,0.94466,0.000542225,0.000542225,0.000542225
591,2262.41,1.04635,0.60653,0.90582,0.94839,0.69863,0.78898,0.50316,1.28672,0.84593,0.94466,0.00053975,0.00053975,0.00053975
592,2266.15,1.0811,0.61209,0.89339,0.86836,0.75342,0.78807,0.52721,1.22463,0.80714,0.93354,0.000537275,0.000537275,0.000537275
593,2269.84,0.95003,0.5378,0.89153,0.87833,0.75342,0.78168,0.53021,1.1538,0.75709,0.91808,0.0005348,0.0005348,0.0005348
594,2273.37,1.02744,0.56731,0.9032,0.90272,0.76276,0.78551,0.54254,1.13766,0.74698,0.91543,0.000532325,0.000532325,0.000532325
595,2277.02,1.08539,0.60669,0.94813,0.91677,0.75449,0.79048,0.53757,1.23112,0.76953,0.93587,0.00052985,0.00052985,0.00052985
596,2280.68,1.00956,0.57225,0.89732,0.91677,0.75449,0.79048,0.53757,1.23112,0.76953,0.93587,0.000527375,0.000527375,0.000527375
597,2284.31,0.95337,0.51936,0.85752,0.93433,0.77962,0.80967,0.53669,1.26202,0.76441,0.93946,0.0005249,0.0005249,0.0005249
598,2288.02,1.00338,0.53635,0.90293,0.89895,0.78082,0.81053,0.55431,1.17326,0.72756,0.91635,0.000522425,0.000522425,0.000522425
599,2291.83,1.04737,0.55321,0.90526,0.9009,0.78082,0.81614,0.55242,1.16688,0.7178,0.91136,0.00051995,0.00051995,0.00051995
600,2295.38,0.95832,0.52436,0.89515,0.93255,0.75759,0.82175,0.54411,1.2368,0.71434,0.92342,0.000517475,0.000517475,0.000517475
601,2298.99,1.03089,0.54444,0.89844,0.93255,0.75759,0.82175,0.54411,1.2368,0.71434,0.92342,0.000515,0.000515,0.000515
602,2304,0.98569,0.53524,0.90275,0.93078,0.76712,0.82323,0.54466,1.23989,0.70834,0.9242,0.000512525,0.000512525,0.000512525
603,2307.76,1.07288,0.56968,0.93049,0.90348,0.78082,0.82429,0.55734,1.1703,0.67911,0.91702,0.00051005,0.00051005,0.00051005
604,2311.4,1.11993,0.57956,0.91817,0.90203,0.78082,0.81888,0.56561,1.12911,0.68351,0.91479,0.000507575,0.000507575,0.000507575
605,2314.96,0.95909,0.58581,0.89449,0.89154,0.76712,0.81832,0.56545,1.1522,0.71119,0.92685,0.0005051,0.0005051,0.0005051
606,2318.58,0.96,0.53886,0.86264,0.88731,0.75506,0.814,0.55911,1.16119,0.73703,0.92659,0.000502625,0.000502625,0.000502625
607,2322.15,0.97436,0.50933,0.89231,0.88731,0.75506,0.814,0.55911,1.16119,0.73703,0.92659,0.00050015,0.00050015,0.00050015
608,2325.71,1.11182,0.62018,0.92452,0.8759,0.77355,0.81001,0.54592,1.20825,0.76741,0.92775,0.000497675,0.000497675,0.000497675
609,2329.39,0.98524,0.57971,0.90786,0.91606,0.73973,0.80814,0.51544,1.25573,0.80348,0.93051,0.0004952,0.0004952,0.0004952
610,2332.98,1.00776,0.5717,0.90844,0.91258,0.73973,0.80657,0.52382,1.23073,0.78415,0.92552,0.000492725,0.000492725,0.000492725
611,2336.57,1.1052,0.55732,0.90263,0.92651,0.73973,0.80947,0.54876,1.15129,0.74335,0.91065,0.00049025,0.00049025,0.00049025
612,2340.16,0.99379,0.58033,0.89828,0.92651,0.73973,0.80947,0.54876,1.15129,0.74335,0.91065,0.000487775,0.000487775,0.000487775
613,2343.71,1.15765,0.67369,0.95349,0.92877,0.73973,0.81189,0.56714,1.1024,0.71028,0.90527,0.0004853,0.0004853,0.0004853
614,2347.31,1.06239,0.57165,0.90372,0.9398,0.73973,0.81263,0.56942,1.12817,0.71303,0.90981,0.000482825,0.000482825,0.000482825
615,2350.96,1.04246,0.56975,0.9414,0.93691,0.73973,0.81091,0.55559,1.21276,0.74729,0.92855,0.00048035,0.00048035,0.00048035
616,2354.47,1.04239,0.58126,0.88712,0.93575,0.73973,0.80987,0.52956,1.30338,0.78131,0.94258,0.000477875,0.000477875,0.000477875
617,2358.11,1.08128,0.56247,0.90379,0.93575,0.73973,0.80987,0.52956,1.30338,0.78131,0.94258,0.0004754,0.0004754,0.0004754
618,2361.89,0.93742,0.53876,0.90835,0.89761,0.76712,0.80752,0.54073,1.28689,0.78205,0.93767,0.000472925,0.000472925,0.000472925
619,2365.5,1.04271,0.59059,0.91053,0.92978,0.73973,0.80904,0.56509,1.19393,0.76316,0.91777,0.00047045,0.00047045,0.00047045
620,2368.99,1.03209,0.57184,0.9459,0.92564,0.73973,0.80744,0.56127,1.14263,0.73889,0.90383,0.000467975,0.000467975,0.000467975
621,2372.76,1.03871,0.6039,0.93733,0.92985,0.73973,0.81019,0.55972,1.17147,0.74388,0.91321,0.0004655,0.0004655,0.0004655
622,2376.43,0.95857,0.53508,0.88661,0.91893,0.77637,0.81525,0.54527,1.25633,0.73446,0.93046,0.000463025,0.000463025,0.000463025
623,2379.86,0.94577,0.51204,0.88333,0.91893,0.77637,0.81525,0.54527,1.25633,0.73446,0.93046,0.00046055,0.00046055,0.00046055
624,2383.51,1.14254,0.60241,0.88272,0.91485,0.78082,0.81562,0.53311,1.29634,0.73179,0.93846,0.000458075,0.000458075,0.000458075
625,2387.15,0.96749,0.56657,0.86593,0.9193,0.78082,0.81908,0.54703,1.2537,0.72945,0.93186,0.0004556,0.0004556,0.0004556
626,2390.69,1.0017,0.53684,0.89649,0.91905,0.77768,0.82046,0.55734,1.2009,0.73039,0.92155,0.000453125,0.000453125,0.000453125
627,2394.34,0.92047,0.53301,0.88225,0.89928,0.76712,0.81986,0.56249,1.15187,0.71551,0.9088,0.00045065,0.00045065,0.00045065
628,2397.92,1.01458,0.55729,0.9188,0.89928,0.76712,0.81986,0.56249,1.15187,0.71551,0.9088,0.000448175,0.000448175,0.000448175
629,2401.51,1.03293,0.57604,0.88098,0.90316,0.76658,0.82306,0.55691,1.12316,0.73429,0.89956,0.0004457,0.0004457,0.0004457
630,2405.11,1.18044,0.73663,0.91428,0.90187,0.76712,0.82012,0.55001,1.15806,0.74956,0.90953,0.000443225,0.000443225,0.000443225
631,2408.66,0.9974,0.52743,0.88972,0.90469,0.78017,0.82196,0.53408,1.23309,0.77028,0.925,0.00044075,0.00044075,0.00044075
632,2412.36,1.07283,0.59028,0.9086,0.90007,0.78082,0.82142,0.52562,1.30639,0.79022,0.94176,0.000438275,0.000438275,0.000438275
633,2415.96,1.03859,0.58118,0.90109,0.90007,0.78082,0.82142,0.52562,1.30639,0.79022,0.94176,0.0004358,0.0004358,0.0004358
634,2419.49,1.01158,0.58098,0.92272,0.90135,0.78082,0.81999,0.52683,1.31483,0.78472,0.94753,0.000433325,0.000433325,0.000433325
635,2423.1,1.01578,0.54855,0.88776,0.90368,0.77119,0.81678,0.55054,1.2242,0.75395,0.92989,0.00043085,0.00043085,0.00043085
636,2427.3,1.01596,0.52382,0.89723,0.90366,0.77097,0.81392,0.56789,1.13459,0.71557,0.91254,0.000428375,0.000428375,0.000428375
637,2431.22,1.1068,0.61256,0.92606,0.88992,0.78082,0.81112,0.57498,1.09019,0.72004,0.90536,0.0004259,0.0004259,0.0004259
638,2435.53,1.12306,0.58367,0.90768,0.88997,0.78082,0.8092,0.56269,1.07441,0.7212,0.90321,0.000423425,0.000423425,0.000423425
639,2439.74,1.04005,0.53681,0.89488,0.88997,0.78082,0.8092,0.56269,1.07441,0.7212,0.90321,0.00042095,0.00042095,0.00042095
640,2444.16,1.01992,0.54244,0.91415,0.9086,0.76712,0.80169,0.55253,1.12793,0.76205,0.91157,0.000418475,0.000418475,0.000418475
641,2448.61,0.94198,0.50998,0.89025,0.9189,0.7761,0.80927,0.53722,1.22694,0.78462,0.93291,0.000416,0.000416,0.000416
642,2452.83,1.12083,0.59703,0.8885,0.91744,0.76115,0.81472,0.53805,1.25815,0.78489,0.93696,0.000413525,0.000413525,0.000413525
643,2457.01,0.99136,0.53627,0.87539,0.89033,0.77851,0.81807,0.54493,1.22904,0.77341,0.93264,0.00041105,0.00041105,0.00041105
644,2461.17,1.05016,0.56352,0.89594,0.89033,0.77851,0.81807,0.54493,1.22904,0.77341,0.93264,0.000408575,0.000408575,0.000408575
645,2465.4,1.03615,0.53509,0.87778,0.89025,0.77789,0.81991,0.54257,1.18448,0.75762,0.92132,0.0004061,0.0004061,0.0004061
646,2469.61,0.96831,0.53548,0.8759,0.91602,0.74719,0.82105,0.55983,1.13619,0.76172,0.91292,0.000403625,0.000403625,0.000403625
647,2473.99,0.99682,0.52029,0.90023,0.87649,0.77777,0.81969,0.57098,1.09564,0.73857,0.90406,0.00040115,0.00040115,0.00040115
648,2478.33,1.055,0.54404,0.90155,0.94839,0.73973,0.82041,0.56253,1.11547,0.73885,0.90676,0.000398675,0.000398675,0.000398675
649,2482.58,0.96287,0.51122,0.90742,0.94839,0.73973,0.82041,0.56253,1.11547,0.73885,0.90676,0.0003962,0.0003962,0.0003962
650,2486.6,1.0289,0.53908,0.90469,0.95577,0.73973,0.82036,0.55147,1.24853,0.76142,0.93047,0.000393725,0.000393725,0.000393725
651,2490.76,1.03194,0.5322,0.91226,0.96426,0.73922,0.81679,0.51398,1.36665,0.78248,0.94643,0.00039125,0.00039125,0.00039125
652,2496.6,1.11058,0.58425,0.90061,0.96427,0.73933,0.81279,0.50962,1.37174,0.78547,0.94583,0.000388775,0.000388775,0.000388775
653,2500.95,1.08113,0.62344,0.95253,0.96414,0.73665,0.81055,0.53317,1.24153,0.76743,0.92272,0.0003863,0.0003863,0.0003863
654,2505.39,0.98297,0.52775,0.89137,0.92894,0.73973,0.80782,0.55073,1.13713,0.74096,0.90729,0.000383825,0.000383825,0.000383825
655,2509.56,1.10475,0.60656,0.89456,0.92894,0.73973,0.80782,0.55073,1.13713,0.74096,0.90729,0.00038135,0.00038135,0.00038135
656,2513.75,1.07177,0.5746,0.8828,0.92248,0.72603,0.80443,0.55726,1.09746,0.72593,0.90113,0.000378875,0.000378875,0.000378875
657,2518.14,1.06572,0.56697,0.89113,0.93421,0.72603,0.80561,0.5694,1.07753,0.72606,0.89833,0.0003764,0.0003764,0.0003764
658,2522.33,0.96723,0.53375,0.8327,0.94714,0.71233,0.80866,0.57224,1.04819,0.70988,0.89499,0.000373925,0.000373925,0.000373925
659,2526.56,0.96321,0.50544,0.89439,0.89901,0.76712,0.8087,0.57484,1.07442,0.74778,0.90283,0.00037145,0.00037145,0.00037145
660,2530.93,0.96511,0.53172,0.87195,0.89901,0.76712,0.8087,0.57484,1.07442,0.74778,0.90283,0.000368975,0.000368975,0.000368975
661,2535.33,1.11015,0.60274,0.91281,0.93197,0.75063,0.80886,0.5583,1.16862,0.77082,0.91916,0.0003665,0.0003665,0.0003665
662,2539.59,1.03309,0.55498,0.88621,0.92999,0.75342,0.8078,0.53968,1.24252,0.79014,0.93329,0.000364025,0.000364025,0.000364025
663,2543.9,1.05447,0.59014,0.87315,0.92836,0.75342,0.80182,0.53414,1.2383,0.79348,0.935,0.00036155,0.00036155,0.00036155
664,2548.11,0.87057,0.50331,0.86525,0.9333,0.76674,0.79967,0.53309,1.20467,0.76709,0.92337,0.000359075,0.000359075,0.000359075
665,2552.32,0.98801,0.53578,0.88072,0.9333,0.76674,0.79967,0.53309,1.20467,0.76709,0.92337,0.0003566,0.0003566,0.0003566
666,2556.8,0.93756,0.4991,0.88193,0.89054,0.75342,0.80577,0.53972,1.16504,0.7523,0.91178,0.000354125,0.000354125,0.000354125
667,2560.98,1.02426,0.54158,0.89595,0.87435,0.76265,0.81086,0.57215,1.10402,0.72388,0.90147,0.00035165,0.00035165,0.00035165
668,2565.3,1.09696,0.59635,0.89219,0.90064,0.72603,0.81389,0.57872,1.06942,0.7167,0.89852,0.000349175,0.000349175,0.000349175
669,2569.59,1.00375,0.5473,0.89993,0.90345,0.72603,0.8162,0.57955,1.04842,0.70987,0.89699,0.0003467,0.0003467,0.0003467
670,2573.75,1.05825,0.53651,0.90248,0.93422,0.72603,0.81793,0.58067,1.06038,0.70055,0.9053,0.000344225,0.000344225,0.000344225
671,2579.51,1.03249,0.55518,0.90081,0.93422,0.72603,0.81793,0.58067,1.06038,0.70055,0.9053,0.00034175,0.00034175,0.00034175
672,2585.2,1.03428,0.53656,0.91972,0.93031,0.75342,0.81879,0.57278,1.15476,0.7172,0.92517,0.000339275,0.000339275,0.000339275
673,2589.54,0.95989,0.51031,0.87996,0.93262,0.75843,0.82369,0.56678,1.23021,0.72762,0.93729,0.0003368,0.0003368,0.0003368
674,2593.57,0.97901,0.55091,0.94358,0.93846,0.75342,0.82621,0.57114,1.24433,0.7308,0.93882,0.000334325,0.000334325,0.000334325
675,2597.75,0.9302,0.51599,0.90066,0.94797,0.74874,0.8339,0.5672,1.21808,0.71634,0.93346,0.00033185,0.00033185,0.00033185
676,2601.88,0.89436,0.47886,0.90045,0.94797,0.74874,0.8339,0.5672,1.21808,0.71634,0.93346,0.000329375,0.000329375,0.000329375
677,2606.18,0.96622,0.52128,0.92195,0.95209,0.73973,0.83482,0.56712,1.19936,0.6996,0.9209,0.0003269,0.0003269,0.0003269
678,2610.35,0.95708,0.53092,0.8687,0.95844,0.73973,0.83602,0.57512,1.19339,0.71077,0.92066,0.000324425,0.000324425,0.000324425
679,2614.51,0.86959,0.50576,0.86812,0.93303,0.76341,0.82822,0.57742,1.15806,0.70864,0.91303,0.00032195,0.00032195,0.00032195
680,2618.95,0.91965,0.5445,0.88378,0.92283,0.76712,0.82217,0.57375,1.16292,0.71752,0.91616,0.000319475,0.000319475,0.000319475
681,2623.24,0.97591,0.52801,0.89439,0.92283,0.76712,0.82217,0.57375,1.16292,0.71752,0.91616,0.000317,0.000317,0.000317
682,2627.47,0.96197,0.51978,0.90126,0.91733,0.76712,0.82413,0.57459,1.1502,0.71092,0.91639,0.000314525,0.000314525,0.000314525
683,2631.89,0.95375,0.51579,0.89279,0.94176,0.73973,0.81788,0.5693,1.12733,0.72742,0.91226,0.00031205,0.00031205,0.00031205
684,2636.13,0.97717,0.54379,0.88435,0.9351,0.73973,0.81549,0.55969,1.08533,0.71746,0.90502,0.000309575,0.000309575,0.000309575
685,2640.31,0.92542,0.50715,0.85868,0.94621,0.72301,0.80595,0.54455,1.10232,0.74085,0.90569,0.0003071,0.0003071,0.0003071
686,2644.68,0.91984,0.51743,0.89786,0.94886,0.69863,0.80007,0.54126,1.11195,0.75252,0.90585,0.000304625,0.000304625,0.000304625
687,2648.86,1.04259,0.64654,0.89206,0.94886,0.69863,0.80007,0.54126,1.11195,0.75252,0.90585,0.00030215,0.00030215,0.00030215
688,2652.96,1.02187,0.54874,0.91252,0.94531,0.69863,0.8032,0.54194,1.10204,0.75536,0.90669,0.000299675,0.000299675,0.000299675
689,2657.35,0.95082,0.54184,0.88803,0.95685,0.69863,0.80449,0.54972,1.10117,0.75438,0.90644,0.0002972,0.0002972,0.0002972
690,2661.51,0.91422,0.50863,0.86082,0.87075,0.75342,0.80771,0.5625,1.08506,0.75802,0.9034,0.000294725,0.000294725,0.000294725
691,2665.87,1.00295,0.53349,0.85443,0.91628,0.74964,0.8079,0.56076,1.06032,0.76768,0.89806,0.00029225,0.00029225,0.00029225
692,2670.28,0.95401,0.50846,0.88233,0.91628,0.74964,0.8079,0.56076,1.06032,0.76768,0.89806,0.000289775,0.000289775,0.000289775
693,2674.52,1.03159,0.52479,0.91937,0.91527,0.75342,0.81195,0.5745,1.02678,0.75502,0.89281,0.0002873,0.0002873,0.0002873
694,2678.74,0.97192,0.53753,0.84796,0.91354,0.75342,0.81455,0.57897,1.01828,0.73543,0.88863,0.000284825,0.000284825,0.000284825
695,2683.09,0.97945,0.54387,0.878,0.88781,0.75888,0.81629,0.57378,1.03575,0.72002,0.88837,0.00028235,0.00028235,0.00028235
696,2687.35,0.93868,0.50042,0.86398,0.88134,0.76712,0.81728,0.57452,1.06179,0.71801,0.89508,0.000279875,0.000279875,0.000279875
697,2691.48,0.98871,0.5266,0.91412,0.88134,0.76712,0.81728,0.57452,1.06179,0.71801,0.89508,0.0002774,0.0002774,0.0002774
698,2695.76,0.99311,0.50329,0.87857,0.883,0.76712,0.81701,0.58087,1.09868,0.75149,0.90427,0.000274925,0.000274925,0.000274925
699,2701.38,1.03982,0.53538,0.89897,0.87425,0.76712,0.81652,0.57088,1.11568,0.74988,0.9105,0.00027245,0.00027245,0.00027245
700,2705.56,0.98629,0.53487,0.89962,0.93084,0.73756,0.81977,0.56932,1.12174,0.73976,0.91152,0.000269975,0.000269975,0.000269975
701,2709.92,0.95169,0.55164,0.91661,0.92994,0.73973,0.82151,0.57159,1.12233,0.74052,0.91212,0.0002675,0.0002675,0.0002675
702,2715.59,1.02638,0.57073,0.88575,0.94285,0.73973,0.82068,0.57085,1.12643,0.73689,0.91489,0.000265025,0.000265025,0.000265025
703,2719.86,1.01239,0.53524,0.87001,0.94285,0.73973,0.82068,0.57085,1.12643,0.73689,0.91489,0.00026255,0.00026255,0.00026255
704,2724.15,0.95931,0.52106,0.86283,0.95307,0.73973,0.81911,0.56518,1.13385,0.74089,0.91747,0.000260075,0.000260075,0.000260075
705,2728.48,1.07144,0.56888,0.89145,0.94642,0.72597,0.81631,0.55141,1.16687,0.7463,0.92058,0.0002576,0.0002576,0.0002576
706,2732.88,0.99978,0.52663,0.89366,0.93974,0.72603,0.81526,0.55819,1.16234,0.73409,0.91883,0.000255125,0.000255125,0.000255125
707,2737.08,0.9392,0.51048,0.89597,0.92987,0.72653,0.81185,0.56479,1.14843,0.74172,0.91599,0.00025265,0.00025265,0.00025265
708,2741.29,1.01422,0.53987,0.97066,0.92987,0.72653,0.81185,0.56479,1.14843,0.74172,0.91599,0.000250175,0.000250175,0.000250175
709,2745.31,1.06757,0.55365,0.90174,0.87433,0.76249,0.8122,0.57261,1.14414,0.74768,0.91395,0.0002477,0.0002477,0.0002477
710,2749.52,0.92298,0.51164,0.87694,0.88111,0.75342,0.8101,0.56517,1.16828,0.73999,0.91663,0.000245225,0.000245225,0.000245225
711,2753.76,0.89752,0.49691,0.88765,0.88154,0.75342,0.80899,0.5484,1.21139,0.76213,0.92248,0.00024275,0.00024275,0.00024275
712,2758.29,1.01764,0.54068,0.88369,0.88193,0.75342,0.80864,0.54374,1.21984,0.75727,0.92561,0.000240275,0.000240275,0.000240275
713,2762.63,0.99525,0.52726,0.88505,0.88193,0.75342,0.80864,0.54374,1.21984,0.75727,0.92561,0.0002378,0.0002378,0.0002378
714,2766.9,1.10285,0.58778,0.92016,0.88198,0.75342,0.8089,0.5444,1.20993,0.75481,0.92267,0.000235325,0.000235325,0.000235325
715,2771.05,0.84545,0.46334,0.89846,0.88366,0.75342,0.81103,0.55689,1.18568,0.76584,0.92147,0.00023285,0.00023285,0.00023285
716,2775.29,0.94932,0.48768,0.88995,0.91479,0.7354,0.81406,0.56231,1.14692,0.75183,0.91892,0.000230375,0.000230375,0.000230375
717,2779.64,0.89262,0.49865,0.86821,0.90303,0.73973,0.81477,0.57239,1.11164,0.73985,0.91418,0.0002279,0.0002279,0.0002279
718,2783.93,1.0056,0.53252,0.88655,0.91586,0.74556,0.81622,0.58118,1.05956,0.73214,0.9041,0.000225425,0.000225425,0.000225425
719,2789.88,0.9373,0.49936,0.85319,0.91586,0.74556,0.81622,0.58118,1.05956,0.73214,0.9041,0.00022295,0.00022295,0.00022295
720,2795.53,0.94946,0.52798,0.89651,0.90172,0.7541,0.81669,0.58025,1.03254,0.72647,0.89985,0.000220475,0.000220475,0.000220475
721,2799.91,0.94284,0.51129,0.86925,0.90909,0.76712,0.81739,0.58524,1.02527,0.72125,0.89951,0.000218,0.000218,0.000218
722,2805.7,1.01484,0.57493,0.92975,0.87999,0.76712,0.81717,0.59234,1.03087,0.72126,0.89959,0.000215525,0.000215525,0.000215525
723,2811.49,0.92862,0.49246,0.90049,0.88208,0.76712,0.81756,0.58412,1.06325,0.71328,0.90346,0.00021305,0.00021305,0.00021305
724,2815.78,0.97315,0.54035,0.88552,0.88208,0.76712,0.81756,0.58412,1.06325,0.71328,0.90346,0.000210575,0.000210575,0.000210575
725,2820.01,0.91144,0.49868,0.88379,0.88294,0.76712,0.81657,0.57238,1.10434,0.71611,0.90734,0.0002081,0.0002081,0.0002081
726,2824.55,0.95709,0.52155,0.88492,0.88364,0.76712,0.81792,0.57729,1.1335,0.72512,0.91503,0.000205625,0.000205625,0.000205625
727,2828.88,0.96552,0.51651,0.89358,0.90311,0.7661,0.81761,0.56994,1.15507,0.73733,0.91831,0.00020315,0.00020315,0.00020315
728,2832.4,0.95916,0.50437,0.88289,0.8901,0.75342,0.81644,0.56264,1.15564,0.74354,0.91379,0.000200675,0.000200675,0.000200675
729,2835.98,0.88444,0.50337,0.88855,0.8901,0.75342,0.81644,0.56264,1.15564,0.74354,0.91379,0.0001982,0.0001982,0.0001982
730,2839.57,0.93305,0.50315,0.8618,0.87649,0.75342,0.81702,0.57392,1.12449,0.73329,0.90761,0.000195725,0.000195725,0.000195725
731,2843.11,0.96869,0.52398,0.87967,0.90307,0.76575,0.81869,0.58098,1.09296,0.72674,0.90243,0.00019325,0.00019325,0.00019325
732,2846.76,0.85155,0.47397,0.84542,0.89642,0.76712,0.81287,0.57411,1.0801,0.71942,0.89832,0.000190775,0.000190775,0.000190775
733,2850.36,0.97138,0.51954,0.86972,0.90289,0.76712,0.81442,0.57397,1.08717,0.7235,0.90034,0.0001883,0.0001883,0.0001883
734,2854.01,0.92214,0.48814,0.87241,0.90272,0.76279,0.8153,0.57166,1.09241,0.72602,0.90112,0.000185825,0.000185825,0.000185825
735,2857.6,0.92802,0.4924,0.86476,0.90272,0.76279,0.8153,0.57166,1.09241,0.72602,0.90112,0.00018335,0.00018335,0.00018335
736,2861.18,0.93041,0.4965,0.87553,0.90212,0.7576,0.81546,0.57786,1.08733,0.71985,0.9023,0.000180875,0.000180875,0.000180875
737,2864.8,0.85985,0.47738,0.86779,0.8845,0.76712,0.81449,0.5789,1.06531,0.70354,0.90012,0.0001784,0.0001784,0.0001784
738,2868.45,0.94225,0.499,0.8822,0.91919,0.73973,0.8199,0.56782,1.07899,0.69829,0.89982,0.000175925,0.000175925,0.000175925
739,2872.01,0.95833,0.49498,0.87496,0.93039,0.73247,0.81855,0.56431,1.09677,0.71087,0.90311,0.00017345,0.00017345,0.00017345
740,2875.54,0.92848,0.49074,0.86152,0.93039,0.73247,0.81855,0.56431,1.09677,0.71087,0.90311,0.000170975,0.000170975,0.000170975
741,2879.25,0.96107,0.51044,0.86678,0.8673,0.76712,0.8171,0.55875,1.13406,0.71771,0.91006,0.0001685,0.0001685,0.0001685
742,2882.77,0.91429,0.49099,0.88392,0.86893,0.76712,0.81931,0.55966,1.15412,0.73924,0.91169,0.000166025,0.000166025,0.000166025
743,2886.31,0.90001,0.55043,0.84634,0.8662,0.76712,0.81197,0.561,1.1735,0.73726,0.91311,0.00016355,0.00016355,0.00016355
744,2889.82,0.99694,0.52267,0.89021,0.87425,0.76196,0.81624,0.56084,1.17161,0.74678,0.91329,0.000161075,0.000161075,0.000161075
745,2893.36,1.02571,0.54132,0.8909,0.87425,0.76196,0.81624,0.56084,1.17161,0.74678,0.91329,0.0001586,0.0001586,0.0001586
746,2897,0.94734,0.52204,0.90491,0.86267,0.75342,0.81403,0.56812,1.13296,0.73677,0.90602,0.000156125,0.000156125,0.000156125
747,2900.58,0.97466,0.55089,0.88739,0.87282,0.7521,0.81486,0.56586,1.0958,0.72076,0.90064,0.00015365,0.00015365,0.00015365
748,2904.14,0.91757,0.48047,0.84557,0.87253,0.75016,0.81254,0.57205,1.05928,0.72824,0.90053,0.000151175,0.000151175,0.000151175
749,2907.71,0.9261,0.50031,0.8644,0.87261,0.75072,0.81689,0.57552,1.04538,0.71493,0.89512,0.0001487,0.0001487,0.0001487
750,2911.34,0.93024,0.49693,0.87814,0.96198,0.6932,0.81679,0.57454,1.04449,0.71248,0.89355,0.000146225,0.000146225,0.000146225
751,2914.93,0.93562,0.51423,0.86652,0.96198,0.6932,0.81679,0.57454,1.04449,0.71248,0.89355,0.00014375,0.00014375,0.00014375
752,2920.02,0.9075,0.45741,0.86479,0.96197,0.69311,0.81976,0.57656,1.0527,0.71226,0.89397,0.000141275,0.000141275,0.000141275
753,2923.56,0.9593,0.51481,0.86522,0.86098,0.76356,0.82029,0.58051,1.07521,0.71405,0.89576,0.0001388,0.0001388,0.0001388
754,2927.08,0.8718,0.49947,0.85793,0.88838,0.7632,0.81701,0.5737,1.11014,0.7221,0.90367,0.000136325,0.000136325,0.000136325
755,2930.77,0.8924,0.4876,0.88319,0.88868,0.76552,0.82322,0.56833,1.14923,0.73528,0.90862,0.00013385,0.00013385,0.00013385
756,2934.34,0.94464,0.53895,0.8751,0.88868,0.76552,0.82322,0.56833,1.14923,0.73528,0.90862,0.000131375,0.000131375,0.000131375
757,2937.92,0.97683,0.50692,0.88576,0.88883,0.76671,0.82283,0.56931,1.15908,0.74597,0.91082,0.0001289,0.0001289,0.0001289
758,2941.55,0.91168,0.50584,0.90582,0.88093,0.76712,0.82275,0.56629,1.152,0.72957,0.91001,0.000126425,0.000126425,0.000126425
759,2945.17,0.86085,0.47163,0.8281,0.88825,0.76712,0.82185,0.57266,1.11025,0.72793,0.90431,0.00012395,0.00012395,0.00012395
760,2948.74,0.93861,0.51841,0.853,0.88873,0.76593,0.82169,0.58498,1.09286,0.72151,0.90152,0.000121475,0.000121475,0.000121475
761,2952.36,0.90473,0.50776,0.8794,0.88873,0.76593,0.82169,0.58498,1.09286,0.72151,0.90152,0.000119,0.000119,0.000119
762,2955.98,0.92815,0.47446,0.88066,0.88921,0.76966,0.82231,0.57792,1.09427,0.70555,0.89995,0.000116525,0.000116525,0.000116525
763,2959.51,0.93669,0.51068,0.89739,0.89028,0.77808,0.82356,0.56915,1.11164,0.71022,0.90271,0.00011405,0.00011405,0.00011405
764,2963.18,0.94157,0.51885,0.90589,0.88684,0.78082,0.82439,0.57408,1.11181,0.71474,0.90258,0.000111575,0.000111575,0.000111575
765,2966.72,0.84892,0.49357,0.87368,0.89029,0.77815,0.82593,0.57236,1.12225,0.72188,0.90499,0.0001091,0.0001091,0.0001091
766,2970.34,0.99323,0.52902,0.8687,0.88987,0.77484,0.82497,0.57266,1.11438,0.70609,0.9042,0.000106625,0.000106625,0.000106625
767,2973.94,0.92811,0.49559,0.88818,0.88987,0.77484,0.82497,0.57266,1.11438,0.70609,0.9042,0.00010415,0.00010415,0.00010415
768,2977.51,0.89302,0.50174,0.85205,0.8885,0.76416,0.82359,0.5763,1.09141,0.70275,0.89979,0.000101675,0.000101675,0.000101675
769,2981.18,0.93675,0.50168,0.87915,0.88838,0.76323,0.8237,0.58406,1.07879,0.69362,0.89753,9.92e-05,9.92e-05,9.92e-05
770,2984.77,0.92149,0.50267,0.87124,0.88845,0.76375,0.82523,0.58697,1.08065,0.68732,0.896,9.6725e-05,9.6725e-05,9.6725e-05
771,2988.38,0.93743,0.511,0.86431,0.88811,0.76115,0.82594,0.58618,1.07652,0.68841,0.896,9.425e-05,9.425e-05,9.425e-05
772,2991.96,0.94091,0.53009,0.84987,0.88811,0.76115,0.82594,0.58618,1.07652,0.68841,0.896,9.1775e-05,9.1775e-05,9.1775e-05
773,2995.73,0.9846,0.53687,0.90546,0.90105,0.75342,0.82505,0.57683,1.07985,0.68299,0.89546,8.93e-05,8.93e-05,8.93e-05
774,2999.31,0.90677,0.51837,0.85995,0.90949,0.73973,0.82321,0.57455,1.08679,0.68949,0.89512,8.6825e-05,8.6825e-05,8.6825e-05
775,3002.77,0.97691,0.50042,0.89689,0.90478,0.73973,0.82286,0.57098,1.10442,0.69219,0.89881,8.435e-05,8.435e-05,8.435e-05
776,3006.5,0.9448,0.49715,0.86879,0.90573,0.73973,0.82475,0.5733,1.12373,0.69926,0.90456,8.1875e-05,8.1875e-05,8.1875e-05
777,3009.96,0.84066,0.45973,0.84993,0.90573,0.73973,0.82475,0.5733,1.12373,0.69926,0.90456,7.94e-05,7.94e-05,7.94e-05
778,3013.56,0.96293,0.53309,0.86511,0.88817,0.76164,0.82449,0.56938,1.12716,0.68933,0.90595,7.6925e-05,7.6925e-05,7.6925e-05
779,3017.31,0.93542,0.49925,0.85816,0.88844,0.76369,0.82472,0.57002,1.12852,0.69636,0.90707,7.445e-05,7.445e-05,7.445e-05
780,3020.95,0.87713,0.47333,0.87893,0.88833,0.76284,0.82493,0.56551,1.11961,0.6965,0.9028,7.1975e-05,7.1975e-05,7.1975e-05
781,3024.55,0.86564,0.49536,0.86992,0.88325,0.76712,0.8255,0.57028,1.10159,0.699,0.90141,6.95e-05,6.95e-05,6.95e-05
782,3028.14,0.91796,0.5029,0.89723,0.88348,0.76712,0.82627,0.57536,1.08898,0.70107,0.90007,6.7025e-05,6.7025e-05,6.7025e-05
783,3031.76,0.91726,0.51338,0.87251,0.88348,0.76712,0.82627,0.57536,1.08898,0.70107,0.90007,6.455e-05,6.455e-05,6.455e-05
784,3035.33,0.9233,0.49553,0.8852,0.88233,0.76712,0.82826,0.58005,1.07771,0.69936,0.89892,6.2075e-05,6.2075e-05,6.2075e-05
785,3038.97,0.9289,0.49667,0.86595,0.88106,0.76712,0.82924,0.58409,1.07236,0.6925,0.8983,5.96e-05,5.96e-05,5.96e-05
786,3042.66,0.82946,0.46529,0.87982,0.88208,0.76712,0.83036,0.58395,1.06641,0.69017,0.89682,5.7125e-05,5.7125e-05,5.7125e-05
787,3046.35,0.8942,0.51088,0.87951,0.88294,0.76712,0.83143,0.58692,1.06431,0.68884,0.89617,5.465e-05,5.465e-05,5.465e-05
788,3049.91,0.85852,0.48261,0.87387,0.88294,0.76712,0.83143,0.58692,1.06431,0.68884,0.89617,5.2175e-05,5.2175e-05,5.2175e-05
789,3053.5,0.9069,0.49031,0.84373,0.88329,0.76712,0.83132,0.59263,1.05672,0.68758,0.8947,4.97e-05,4.97e-05,4.97e-05
790,3058.57,0.98058,0.55366,0.89,0.88773,0.76712,0.83223,0.59677,1.05233,0.68861,0.89435,4.7225e-05,4.7225e-05,4.7225e-05
791,3085.64,0.9118,0.49707,0.90373,0.94506,0.72603,0.82954,0.59275,1.05407,0.68674,0.8965,4.475e-05,4.475e-05,4.475e-05
792,3089.14,0.91767,0.49544,0.853,0.93144,0.72603,0.82525,0.58507,1.06608,0.70169,0.90091,4.2275e-05,4.2275e-05,4.2275e-05
793,3092.86,0.8351,0.46189,0.88763,0.93144,0.72603,0.82525,0.58507,1.06608,0.70169,0.90091,3.98e-05,3.98e-05,3.98e-05
794,3096.28,0.83691,0.47401,0.85615,0.90964,0.73973,0.82276,0.57024,1.09671,0.70634,0.90463,3.7325e-05,3.7325e-05,3.7325e-05
795,3099.73,0.83822,0.46287,0.86257,0.91662,0.753,0.82324,0.57001,1.10766,0.71098,0.90977,3.485e-05,3.485e-05,3.485e-05
796,3103.34,0.86839,0.49034,0.86222,0.90193,0.75592,0.81837,0.56159,1.13292,0.71135,0.9136,3.2375e-05,3.2375e-05,3.2375e-05
797,3106.92,0.84487,0.46835,0.90044,0.90187,0.75543,0.81814,0.55802,1.14852,0.71666,0.91607,2.99e-05,2.99e-05,2.99e-05
798,3110.48,0.9135,0.49713,0.87551,0.90801,0.75342,0.81987,0.55794,1.17274,0.73739,0.91956,2.7425e-05,2.7425e-05,2.7425e-05
799,3114.08,0.87162,0.47418,0.87326,0.90801,0.75342,0.81987,0.55794,1.17274,0.73739,0.91956,2.495e-05,2.495e-05,2.495e-05
800,3117.66,0.82885,0.44999,0.85127,0.90642,0.75342,0.81656,0.55642,1.18674,0.72896,0.92173,2.2475e-05,2.2475e-05,2.2475e-05
